SiteId,Site Type,System Name,x,y,z,Region (Calculated),Region (Journal),Primary Star,Body Name,POI Id,Body Sub Type,Gravity,Distance To Arrival,Surface Temperature,Volcanism,Orbital Period,Rotational Period,Orbital Eccentricity,Discovered By
1,Beta,SYNUEFE XR-H D11-102,357.34375,-49.34375,-74.75,Inner Orion Spur,Inner Orion Spur,F (White) Star, 1 B,,Rocky body,0.1331717154,797,299,No volcanism,6.915614009,-6.915672805,0.000494,MauserPT7
2,Beta,IC 2391 SECTOR GW-V B2-4,587.9375,-51.03125,-38.53125,Inner Orion Spur,Inner Orion Spur,M (Red dwarf) Star, B 1,,High metal content world,0.2584014782,2653,221,No volcanism,22.68257861,22.68258903,0.000057,Dave Hedgehog
3,Alpha,IC 2391 SECTOR ZE-A D101,526.5,-86.375,-37.9375,Inner Orion Spur,Inner Orion Spur,F (White) Star, C 3,,High metal content world,0.2195304928,337364,300,No volcanism,7.505649011,7.453341245,0.00448,Noob Van Noob
4,Beta,SYNUEFE XO-P C22-17,546.90625,-56.46875,-97.8125,Inner Orion Spur,Inner Orion Spur,K (Yellow-Orange) Star, C 1,,High metal content world,0.2668117543,1428,244,No volcanism,6.435735772,6.43575571,0.001164,ArchAngel-7
5,Alpha,SYNUEFE ZL-J D10-119,834.21875,-51.21875,-154.65625,Inner Orion Spur,Inner Orion Spur,F (White) Star, 9 B,,Rocky body,0.1544058636,1071,230,No volcanism,2.942772513,2.942806027,0.012392,Berk Froster
6,Beta,COL 173 SECTOR KY-Q D5-47,1043.875,-100.75,-246.0625,Inner Orion Spur,Inner Orion Spur,F (White) Star, 8 C,,Rocky body,0.1474413188,1011,229,No volcanism,8.510914252,8.511092788,0.002161,zzz_Unknown
7,Alpha,COL 173 SECTOR KY-Q D5-47,1043.875,-100.75,-246.0625,Inner Orion Spur,Inner Orion Spur,F (White) Star, 8 C,,Rocky body,0.1474413188,1011,229,No volcanism,8.510914252,8.511092788,0.002161,zzz_Unknown
8,Beta,HIP 39768,866.59375,-119.125,-109.03125,Inner Orion Spur,Inner Orion Spur,B (Blue-White) Star, A 14 F,,Rocky body,0.1977382524,7063,283,No volcanism,70.8001783,70.80025737,0.001446,Elrith
9,Gamma,SYNUEFE TP-F B44-0,838.75,-197.84375,-111.84375,Inner Orion Spur,Inner Orion Spur,M (Red dwarf) Star, CD 1,,High metal content world,0.2875691834,1208,295,Major Silicate Vapour Geysers,0.3643482096,0.5927261617,0.120065,Elrith
10,Beta,SYNUEFE TP-F B44-0,838.75,-197.84375,-111.84375,Inner Orion Spur,Inner Orion Spur,M (Red dwarf) Star, CD 1,,High metal content world,0.2875691834,1208,295,Major Silicate Vapour Geysers,0.3643482096,0.5927261617,0.120065,Braden Fanguard
11,Alpha,SYNUEFE TP-F B44-0,838.75,-197.84375,-111.84375,Inner Orion Spur,Inner Orion Spur,M (Red dwarf) Star, CD 1,,High metal content world,0.2875691834,1208,295,Major Silicate Vapour Geysers,0.3643482096,0.5927261617,0.120065,Braden Fanguard
12,Alpha,COL 173 SECTOR KY-Q D5-47,1043.875,-100.75,-246.0625,Inner Orion Spur,Inner Orion Spur,F (White) Star, 9 A,,Rocky body,0.1318707715,1444,277,Major Silicate Vapour Geysers,0.8477486463,0.8067300351,0.000644,zzz_Unknown
13,Alpha,SYNUEFE NL-N C23-4,860.125,-124.59375,-61.0625,Inner Orion Spur,Inner Orion Spur,K (Yellow-Orange) Star, B 3,,High metal content world,0.3045937982,2593,283,No volcanism,19.97922099,19.87268529,0.000392,Nivell
14,Gamma,COL 173 SECTOR KY-Q D5-47,1043.875,-100.75,-246.0625,Inner Orion Spur,Inner Orion Spur,F (White) Star, 9 A,,Rocky body,0.1318707715,1444,277,Major Silicate Vapour Geysers,0.8477486463,0.8067300351,0.000644,zzz_Unknown
15,Gamma,SYNUEFE LY-I B42-2,814.71875,-222.78125,-151.15625,Inner Orion Spur,Inner Orion Spur,M (Red dwarf) Star, C 2,,High metal content world,0.3161181314,1267,285,No volcanism,6.906467662,6.906491893,0.000301,Elrith
16,Gamma,SYNUEFE LY-I B42-2,814.71875,-222.78125,-151.15625,Inner Orion Spur,Inner Orion Spur,M (Red dwarf) Star, C 2,,High metal content world,0.3161181314,1267,285,No volcanism,6.906467662,6.906491893,0.000301,zzz_Unknown
17,Beta,SYNUEFE LY-I B42-2,814.71875,-222.78125,-151.15625,Inner Orion Spur,Inner Orion Spur,M (Red dwarf) Star, C 2,,High metal content world,0.3161181314,1267,285,No volcanism,6.906467662,6.906491893,0.000301,zzz_Unknown
18,Beta,COL 173 SECTOR AV-N B23-5,1117.03125,-71.03125,-202.15625,Inner Orion Spur,Inner Orion Spur,M (Red dwarf) Star, A 2,,High metal content world,0.2859020762,55,274,No volcanism,23.56388572,23.56390389,0.000101,zzz_Unknown
19,Beta,COL 173 SECTOR AV-N B23-5,1117.03125,-71.03125,-202.15625,Inner Orion Spur,Inner Orion Spur,M (Red dwarf) Star, A 2,,High metal content world,0.2859020762,55,274,No volcanism,23.56388572,23.56390389,0.000101,zzz_Unknown
20,Gamma,COL 173 SECTOR AV-N B23-5,1117.03125,-71.03125,-202.15625,Inner Orion Spur,Inner Orion Spur,M (Red dwarf) Star, A 2,,High metal content world,0.2859020762,55,274,No volcanism,23.56388572,23.56390389,0.000101,zzz_Unknown
21,Beta,COL 173 SECTOR KY-Q D5-47,1043.875,-100.75,-246.0625,Inner Orion Spur,Inner Orion Spur,F (White) Star, 9 D,,Rocky body,0.1528725651,1441,243,No volcanism,3.10048937,3.039500327,0.001282,zzz_Unknown
22,Alpha,SYNUEFE NL-N C23-4,860.125,-124.59375,-61.0625,Inner Orion Spur,Inner Orion Spur,K (Yellow-Orange) Star, B 3,,High metal content world,0.3045937982,2593,283,No volcanism,19.97922099,19.87268529,0.000392,zzz_Unknown
23,Alpha,COL 173 SECTOR LY-Q D5-13,1120.34375,-87.21875,-216.875,Inner Orion Spur,Inner Orion Spur,F (White) Star, AB 9 A,,Rocky body,0.1404311358,4715,212,Minor Silicate Vapour Geysers,1.48673259,1.402936921,0.000009,zzz_Unknown
24,Beta,COL 173 SECTOR LY-Q D5-13,1120.34375,-87.21875,-216.875,Inner Orion Spur,Inner Orion Spur,F (White) Star, AB 9 A,,Rocky body,0.1404311358,4715,212,Minor Silicate Vapour Geysers,1.48673259,1.402936921,0.000009,zzz_Unknown
25,Beta,HIP 39768,866.59375,-119.125,-109.03125,Inner Orion Spur,Inner Orion Spur,B (Blue-White) Star, A 14 F,,Rocky body,0.1977382524,7063,283,No volcanism,70.8001783,70.80025737,0.001446,Grimscrub
26,Beta,COL 173 SECTOR LY-Q D5-13,1120.34375,-87.21875,-216.875,Inner Orion Spur,Inner Orion Spur,F (White) Star, AB 9 A,,Rocky body,0.1404311358,4715,212,Minor Silicate Vapour Geysers,1.48673259,1.402936921,0.000009,zzz_Unknown
27,Gamma,COL 173 SECTOR LY-Q D5-13,1120.34375,-87.21875,-216.875,Inner Orion Spur,Inner Orion Spur,F (White) Star, AB 9 B,,Rocky body,0.1381091849,4714,186,No volcanism,3.955553458,3.841935482,0.001826,zzz_Unknown
28,Beta,COL 173 SECTOR XG-J C10-17,1095.25,-127.5625,-238.40625,Inner Orion Spur,Inner Orion Spur,K (Yellow-Orange) Star, A 2,,High metal content world,0.2471636323,291,273,No volcanism,202.9780988,1.5822626,0.001736,Vaia Sunn
29,Alpha,COL 173 SECTOR LY-Q D5-59,1078.09375,-86.5625,-249.46875,Inner Orion Spur,Inner Orion Spur,A (Blue-White) Star, 8 A,,Rocky body,0.1894623915,1172,243,Minor Metallic Magma,1.257536726,1.257550701,0.000284,zzz_Unknown
30,Gamma,COL 173 SECTOR CG-M B24-8,1127.9375,-59.9375,-175.78125,Inner Orion Spur,Inner Orion Spur,M (Red dwarf) Star, A 4,,High metal content world,0.2021983601,80,283,No volcanism,3.622057606,3.653955951,0.195151,Rogue Roxy
31,Gamma,COL 173 SECTOR CG-M B24-8,1127.9375,-59.9375,-175.78125,Inner Orion Spur,Inner Orion Spur,M (Red dwarf) Star, A 4,,High metal content world,0.2021983601,80,283,No volcanism,3.622057606,3.653955951,0.195151,zzz_Unknown
32,Gamma,COL 173 SECTOR CG-M B24-8,1127.9375,-59.9375,-175.78125,Inner Orion Spur,Inner Orion Spur,M (Red dwarf) Star, A 5,,High metal content world,0.1852562326,80,283,No volcanism,3.622057606,4.826062684,0.195151,zzz_Unknown
33,Beta,COL 173 SECTOR LY-Q D5-59,1078.09375,-86.5625,-249.46875,Inner Orion Spur,Inner Orion Spur,A (Blue-White) Star, 8 A,,Rocky body,0.1894623915,1172,243,Minor Metallic Magma,1.257536726,1.257550701,0.000284,zzz_Unknown
34,Gamma,COL 173 SECTOR LY-Q D5-59,1078.09375,-86.5625,-249.46875,Inner Orion Spur,Inner Orion Spur,A (Blue-White) Star, 8 A,,Rocky body,0.1894623915,1172,243,Minor Metallic Magma,1.257536726,1.257550701,0.000284,zzz_Unknown
35,Alpha,COL 173 SECTOR LY-Q D5-59,1078.09375,-86.5625,-249.46875,Inner Orion Spur,Inner Orion Spur,A (Blue-White) Star, 8 B,,Rocky body,0.1772339839,1170,243,No volcanism,2.713635357,2.713664933,0.0015,Vaia Sunn
36,Gamma,COL 173 SECTOR OT-Q D5-18,1150.75,-124.03125,-216.8125,Inner Orion Spur,Inner Orion Spur,F (White) Star, D 2,,High metal content world,0.2908431781,28981,294,No volcanism,25.84221048,25.84227229,0.00003,zzz_Unknown
37,Alpha,COL 173 SECTOR OT-Q D5-18,1150.75,-124.03125,-216.8125,Inner Orion Spur,Inner Orion Spur,F (White) Star, D 2,,High metal content world,0.2908431781,28981,294,No volcanism,25.84221048,25.84227229,0.00003,zzz_Unknown
38,Alpha,COL 173 SECTOR OT-Q D5-18,1150.75,-124.03125,-216.8125,Inner Orion Spur,Inner Orion Spur,F (White) Star, D 2,,High metal content world,0.2908431781,28981,294,No volcanism,25.84221048,25.84227229,0.00003,zzz_Unknown
39,Beta,COL 173 SECTOR XG-J C10-17,1095.25,-127.5625,-238.40625,Inner Orion Spur,Inner Orion Spur,K (Yellow-Orange) Star, B 4,,High metal content world,0.245068944,3933,274,No volcanism,161.6493695,2.048491617,0.00316,zzz_Unknown
40,Beta,COL 173 SECTOR XG-J C10-17,1095.25,-127.5625,-238.40625,Inner Orion Spur,Inner Orion Spur,K (Yellow-Orange) Star, B 4,,High metal content world,0.245068944,3933,274,No volcanism,161.6493695,2.048491617,0.00316,zzz_Unknown
41,Beta,SYNUEFE CE-R C21-6,828.1875,-78,-105.1875,Inner Orion Spur,Inner Orion Spur,K (Yellow-Orange) Star, C 1,,High metal content world,0.189404742,72941,302,No volcanism,4.155633005,4.155642652,0.000047,asanovic7
42,Alpha,SYNUEFE CE-R C21-6,828.1875,-78,-105.1875,Inner Orion Spur,Inner Orion Spur,K (Yellow-Orange) Star, C 1,,High metal content world,0.189404742,72941,302,No volcanism,4.155633005,4.155642652,0.000047,zzz_Unknown
43,Alpha,SYNUEFE CE-R C21-6,828.1875,-78,-105.1875,Inner Orion Spur,Inner Orion Spur,K (Yellow-Orange) Star, C 1,,High metal content world,0.189404742,72941,302,No volcanism,4.155633005,4.155642652,0.000047,zzz_Unknown
44,Alpha,SYNUEFE ZR-I B43-10,811.40625,-60.4375,-144.71875,Inner Orion Spur,Inner Orion Spur,M (Red dwarf) Star, D 2,,High metal content world,0.1694070372,69111,284,Major Rocky Magma,1.72290951,1.722911915,0.000155,zzz_Unknown
45,Beta,SYNUEFE ZR-I B43-10,811.40625,-60.4375,-144.71875,Inner Orion Spur,Inner Orion Spur,M (Red dwarf) Star, D 2,,High metal content world,0.1694070372,69111,284,Major Rocky Magma,1.72290951,1.722911915,0.000155,zzz_Unknown
46,Alpha,SYNUEFE ZR-I B43-10,811.40625,-60.4375,-144.71875,Inner Orion Spur,Inner Orion Spur,M (Red dwarf) Star, D 2,,High metal content world,0.1694070372,69111,284,Major Rocky Magma,1.72290951,1.722911915,0.000155,zzz_Unknown
47,Alpha,IC 2391 SECTOR FL-X B1-7,611.34375,-78.40625,-51.6875,Inner Orion Spur,Inner Orion Spur,M (Red dwarf) Star, A 2,,High metal content world,0.3224274925,53,282,Major Rocky Magma,1.415828933,2.049984543,0.106247,Shaye
48,Alpha,VELA DARK REGION RC-V B2-5,1072.75,-168.1875,-85.125,Inner Orion Spur,Inner Orion Spur,M (Red dwarf) Star, C 3,,High metal content world,0.1705019298,58472,244,No volcanism,7.136510417,7.065150463,0.001187,zzz_Unknown
49,Beta,VELA DARK REGION KR-W C1-24,1036.875,-163.59375,-85.96875,Inner Orion Spur,Inner Orion Spur,G (White-Yellow) Star, 7 C,,Rocky body,0.1306475039,636,228,Major Silicate Vapour Geysers,0.5173483656,0.714621963,0.148647,zzz_Unknown
50,Alpha,VELA DARK REGION RC-V B2-5,1072.75,-168.1875,-85.125,Inner Orion Spur,Inner Orion Spur,M (Red dwarf) Star, C 3,,High metal content world,0.1705019298,58472,244,No volcanism,7.136510417,7.065150463,0.001187,zzz_Unknown
51,Alpha,VELA DARK REGION RC-V B2-5,1072.75,-168.1875,-85.125,Inner Orion Spur,Inner Orion Spur,M (Red dwarf) Star, C 3,,High metal content world,0.1705019298,58472,244,No volcanism,7.136510417,7.065150463,0.001187,zzz_Unknown
52,Alpha,VELA DARK REGION KR-W C1-24,1036.875,-163.59375,-85.96875,Inner Orion Spur,Inner Orion Spur,G (White-Yellow) Star, 7 A,,Rocky body,0.198626623,638,250,Major Silicate Vapour Geysers,0.7809498106,0.7809718949,0.000003,Telidon
53,Beta,VELA DARK REGION RC-V B2-5,1072.75,-168.1875,-85.125,Inner Orion Spur,Inner Orion Spur,M (Red dwarf) Star, C 4,,High metal content world,0.1584650876,58455,224,No volcanism,10.15973163,10.08060836,0.000149,zzz_Unknown
54,Alpha,VELA DARK REGION KR-W C1-24,1036.875,-163.59375,-85.96875,Inner Orion Spur,Inner Orion Spur,G (White-Yellow) Star, 7 A,,Rocky body,0.198626623,638,250,Major Silicate Vapour Geysers,0.7809498106,0.7809718949,0.000003,zzz_Unknown
55,Alpha,VELA DARK REGION EL-Y D32,1000.65625,-166.21875,-64.15625,Inner Orion Spur,Inner Orion Spur,F (White) Star, B 1,,High metal content world,0.3179530034,57829,287,No volcanism,172.6102636,0.6209333619,0.000799,zzz_Unknown
56,Beta,VELA DARK REGION EL-Y D32,1000.65625,-166.21875,-64.15625,Inner Orion Spur,Inner Orion Spur,F (White) Star, B 1,,High metal content world,0.3179530034,57829,287,No volcanism,172.6102636,0.6209333619,0.000799,zzz_Unknown
57,Gamma,VELA DARK REGION EL-Y D32,1000.65625,-166.21875,-64.15625,Inner Orion Spur,Inner Orion Spur,F (White) Star, B 1,,High metal content world,0.3179530034,57829,287,No volcanism,172.6102636,0.6209333619,0.000799,zzz_Unknown
58,Beta,COL 173 SECTOR AP-Q B21-2,1127.3125,-154.03125,-237.90625,Inner Orion Spur,Inner Orion Spur,M (Red dwarf) Star, A 8,,High metal content world,0.3528768838,93,232,No volcanism,5.153936093,6.44709695,0.048404,zzz_Unknown
59,Gamma,COL 173 SECTOR AP-Q B21-2,1127.3125,-154.03125,-237.90625,Inner Orion Spur,Inner Orion Spur,M (Red dwarf) Star, B 4,,High metal content world,0.1713991991,650,243,No volcanism,4.88561654,4.885625894,0.000117,zzz_Unknown
60,Alpha,COL 173 SECTOR AP-Q B21-2,1127.3125,-154.03125,-237.90625,Inner Orion Spur,Inner Orion Spur,M (Red dwarf) Star, B 4,,High metal content world,0.1713991991,650,243,No volcanism,4.88561654,4.885625894,0.000117,zzz_Unknown
61,Beta,COL 173 SECTOR AP-Q B21-2,1127.3125,-154.03125,-237.90625,Inner Orion Spur,Inner Orion Spur,M (Red dwarf) Star, B 4,,High metal content world,0.1713991991,650,243,No volcanism,4.88561654,4.885625894,0.000117,zzz_Unknown
62,Gamma,COL 173 SECTOR OE-P D6-11,1014.34375,-67.59375,-173.96875,Inner Orion Spur,Inner Orion Spur,M (Red dwarf) Star, C 2,,High metal content world,0.2231137626,34167,231,No volcanism,8.159596749,8.159613121,0.000014,zzz_Unknown
63,Alpha,COL 173 SECTOR OE-P D6-11,1014.34375,-67.59375,-173.96875,Inner Orion Spur,Inner Orion Spur,M (Red dwarf) Star, C 2,,High metal content world,0.2231137626,34167,231,No volcanism,8.159596749,8.159613121,0.000014,zzz_Unknown
64,Gamma,SYNUEFE NL-N C23-4,860.125,-124.59375,-61.0625,Inner Orion Spur,Inner Orion Spur,K (Yellow-Orange) Star, B 3,,High metal content world,0.3045937982,2593,283,No volcanism,19.97922099,19.87268529,0.000392,zzz_Unknown
65,Alpha,COL 173 SECTOR OE-P D6-11,1014.34375,-67.59375,-173.96875,Inner Orion Spur,Inner Orion Spur,M (Red dwarf) Star, B 3,,High metal content world,0.2901166085,34566,296,No volcanism,14.55964934,14.55966156,0.00839,Elrith
66,Alpha,COL 173 SECTOR OE-P D6-11,1014.34375,-67.59375,-173.96875,Inner Orion Spur,Inner Orion Spur,M (Red dwarf) Star, B 3,,High metal content world,0.2901166085,34566,296,No volcanism,14.55964934,14.55966156,0.00839,zzz_Unknown
67,Beta,COL 173 SECTOR OE-P D6-11,1014.34375,-67.59375,-173.96875,Inner Orion Spur,Inner Orion Spur,M (Red dwarf) Star, B 3,,High metal content world,0.2901166085,34566,296,No volcanism,14.55964934,14.55966156,0.00839,rbarba
68,Beta,SKAUDAI AM-B D14-138,-5477.59375,-504.15625,10436.25,Inner Scutum-Centaurus Arm,Inner Scutum-Centaurus Arm,A (Blue-White) Star, AB 7 A,,Rocky body,0.2472795427,2641,232,Minor Metallic Magma,1.125044389,1.125053992,0.00003,Zenith Ddraiglas
69,Gamma,SKAUDAI AM-B D14-138,-5477.59375,-504.15625,10436.25,Inner Scutum-Centaurus Arm,Inner Scutum-Centaurus Arm,A (Blue-White) Star, AB 7 A,,Rocky body,0.2472795427,2641,232,Minor Metallic Magma,1.125044389,1.125053992,0.00003,zzz_Unknown
70,Beta,COL 173 SECTOR WF-N D7-52,1186.6875,-166.1875,-80.1875,Inner Orion Spur,Inner Orion Spur,G (White-Yellow) Star, B 2,,High metal content world,0.3671705312,10202,297,No volcanism,67.64435865,67.64447196,0.000048,Theory Madness
71,Gamma,COL 173 SECTOR WF-N D7-52,1186.6875,-166.1875,-80.1875,Inner Orion Spur,Inner Orion Spur,G (White-Yellow) Star, B 2,,High metal content world,0.3671705312,10202,297,No volcanism,67.64435865,67.64447196,0.000048,zzz_Unknown
72,Gamma,COL 173 SECTOR WF-N D7-52,1186.6875,-166.1875,-80.1875,Inner Orion Spur,Inner Orion Spur,G (White-Yellow) Star, B 2,,High metal content world,0.3671705312,10202,297,No volcanism,67.64435865,67.64447196,0.000048,zzz_Unknown
73,Alpha,COL 173 SECTOR DH-K B25-2,1027.09375,-80.25,-163.4375,Inner Orion Spur,Inner Orion Spur,M (Red dwarf) Star, A 5,,High metal content world,0.2968586326,88,285,No volcanism,44.87164457,44.87173736,0.000406,FrankBo
74,Beta,COL 173 SECTOR DH-K B25-2,1027.09375,-80.25,-163.4375,Inner Orion Spur,Inner Orion Spur,M (Red dwarf) Star, A 5,,High metal content world,0.2968586326,88,285,No volcanism,44.87164457,44.87173736,0.000406,zzz_Unknown
75,Beta,COL 173 SECTOR DH-K B25-2,1027.09375,-80.25,-163.4375,Inner Orion Spur,Inner Orion Spur,M (Red dwarf) Star, A 7,,High metal content world,0.3060268486,166,214,No volcanism,116.0168882,116.01712,0.001648,zzz_Unknown
76,Gamma,COL 173 SECTOR WN-B B29-1,1237.75,-247.375,-76.90625,Inner Orion Spur,Inner Orion Spur,M (Red dwarf) Star, D 1,,High metal content world,0.3086084604,184394,235,No volcanism,3.056410952,3.056422164,0.000071,zzz_Unknown
77,Beta,COL 173 SECTOR WN-B B29-1,1237.75,-247.375,-76.90625,Inner Orion Spur,Inner Orion Spur,M (Red dwarf) Star, D 1,,High metal content world,0.3086084604,184394,235,No volcanism,3.056410952,3.056422164,0.000071,zzz_Unknown
78,Beta,COL 173 SECTOR WN-B B29-1,1237.75,-247.375,-76.90625,Inner Orion Spur,Inner Orion Spur,M (Red dwarf) Star, D 1,,High metal content world,0.3086084604,184394,235,No volcanism,3.056410952,3.056422164,0.000071,zzz_Unknown
79,Beta,COL 173 SECTOR UU-O D6-42,1147.09375,-252.8125,-156.65625,Inner Orion Spur,Inner Orion Spur,F (White) Star, A 1 C,,Rocky body,0.2503823122,650,300,No volcanism,5.543755425,5.543868634,0.000052,zzz_Unknown
80,Gamma,COL 173 SECTOR UU-O D6-42,1147.09375,-252.8125,-156.65625,Inner Orion Spur,Inner Orion Spur,F (White) Star, A 1 C,,Rocky body,0.2503823122,650,300,No volcanism,5.543755425,5.543868634,0.000052,zzz_Unknown
81,Gamma,COL 173 SECTOR UU-O D6-42,1147.09375,-252.8125,-156.65625,Inner Orion Spur,Inner Orion Spur,F (White) Star, A 1 C,,Rocky body,0.2503823122,650,300,No volcanism,5.543755425,5.543868634,0.000052,zzz_Unknown
82,Gamma,COL 173 SECTOR PV-B C14-1,1023.65625,-217.40625,-81.09375,Inner Orion Spur,Inner Orion Spur,K (Yellow-Orange) Star, D 2,,High metal content world,0.1506050087,132334,273,No volcanism,2.925862938,2.925864333,0.000662,zzz_Unknown
83,Gamma,COL 173 SECTOR PV-B C14-1,1023.65625,-217.40625,-81.09375,Inner Orion Spur,Inner Orion Spur,K (Yellow-Orange) Star, D 2,,High metal content world,0.1506050087,132334,273,No volcanism,2.925862938,2.925864333,0.000662,zzz_Unknown
84,Gamma,COL 173 SECTOR PV-B C14-1,1023.65625,-217.40625,-81.09375,Inner Orion Spur,Inner Orion Spur,K (Yellow-Orange) Star, D 2,,High metal content world,0.1506050087,132334,273,No volcanism,2.925862938,2.925864333,0.000662,zzz_Unknown
85,Gamma,VELA DARK REGION HB-X C1-28,1073.0625,-100.65625,-92.75,Inner Orion Spur,Inner Orion Spur,M (Red dwarf) Star, E 2,,High metal content world,0.2715814747,369190,278,No volcanism,5.190503404,-5.190512779,0.004057,zzz_Unknown
86,Alpha,VELA DARK REGION HB-X C1-28,1073.0625,-100.65625,-92.75,Inner Orion Spur,Inner Orion Spur,M (Red dwarf) Star, E 2,,High metal content world,0.2715814747,369190,278,No volcanism,5.190503404,-5.190512779,0.004057,ichigobankai09
87,Gamma,VELA DARK REGION HB-X C1-28,1073.0625,-100.65625,-92.75,Inner Orion Spur,Inner Orion Spur,M (Red dwarf) Star, E 3,,High metal content world,0.2274694203,369189,245,No volcanism,8.720790277,8.720806197,0.000039,zzz_Unknown
88,Alpha,VELA DARK REGION HB-X C1-28,1073.0625,-100.65625,-92.75,Inner Orion Spur,Inner Orion Spur,M (Red dwarf) Star, E 3,,High metal content world,0.2274694203,369189,245,No volcanism,8.720790277,8.720806197,0.000039,zzz_Unknown
89,Beta,SYNUEFE ZL-J D10-109,852.65625,-51.125,-124.84375,Inner Orion Spur,Inner Orion Spur,K (Yellow-Orange) Star, E 3,,High metal content world,0.3431571176,90771,200,No volcanism,52.69471073,52.69508649,0.000263,Oberdofer
90,Alpha,SYNUEFE ZL-J D10-109,852.65625,-51.125,-124.84375,Inner Orion Spur,Inner Orion Spur,K (Yellow-Orange) Star, E 3,,High metal content world,0.3431571176,90771,200,No volcanism,52.69471073,52.69508649,0.000263,Oberdofer
91,Beta,SYNUEFE ZL-J D10-109,852.65625,-51.125,-124.84375,Inner Orion Spur,Inner Orion Spur,K (Yellow-Orange) Star, E 3,,High metal content world,0.3431571176,90771,200,No volcanism,52.69471073,52.69508649,0.000263,zzz_Unknown
92,Gamma,SKAUDAI AM-B D14-138,-5477.59375,-504.15625,10436.25,Inner Scutum-Centaurus Arm,Inner Scutum-Centaurus Arm,A (Blue-White) Star, AB 7 A,,Rocky body,0.2472795427,2641,232,Minor Metallic Magma,1.125044389,1.125053992,0.00003,Zenith Ddraiglas
93,Gamma,COL 173 SECTOR KN-J B25-5,1002.90625,-152.28125,-160.25,Inner Orion Spur,Inner Orion Spur,M (Red dwarf) Star, C 3,,High metal content world,0.1446314685,10956,291,Minor Silicate Vapour Geysers,1.431393127,1.431394145,0.001683,zzz_Unknown
94,Beta,COL 173 SECTOR KN-J B25-5,1002.90625,-152.28125,-160.25,Inner Orion Spur,Inner Orion Spur,M (Red dwarf) Star, C 3,,High metal content world,0.1446314685,10956,291,Minor Silicate Vapour Geysers,1.431393127,1.431394145,0.001683,zzz_Unknown
95,Beta,COL 173 SECTOR KN-J B25-5,1002.90625,-152.28125,-160.25,Inner Orion Spur,Inner Orion Spur,M (Red dwarf) Star, C 3,,High metal content world,0.1446314685,10956,291,Minor Silicate Vapour Geysers,1.431393127,1.431394145,0.001683,zzz_Unknown
96,Beta,COL 173 SECTOR EC-L D8-54,1180.5625,-303.34375,-14.09375,Inner Orion Spur,Inner Orion Spur,F (White) Star, 1 C,,Rocky body,0.2161676973,661,285,No volcanism,14.06687934,14.06715422,0.020109,zzz_Unknown
97,Alpha,COL 173 SECTOR EC-L D8-54,1180.5625,-303.34375,-14.09375,Inner Orion Spur,Inner Orion Spur,F (White) Star, 1 C,,Rocky body,0.2161676973,661,285,No volcanism,14.06687934,14.06715422,0.020109,zzz_Unknown
98,Alpha,COL 173 SECTOR EC-L D8-54,1180.5625,-303.34375,-14.09375,Inner Orion Spur,Inner Orion Spur,F (White) Star, 1 C,,Rocky body,0.2161676973,661,285,No volcanism,14.06687934,14.06715422,0.020109,zzz_Unknown
99,Beta,COL 173 SECTOR FC-L D8-28,1231.09375,-307.21875,-10.96875,Inner Orion Spur,Inner Orion Spur,G (White-Yellow) Star, 14 C,,Rocky body,0.1295719664,980,239,No volcanism,7.482215712,7.482271412,0.003003,zzz_Unknown
100,Beta,COL 173 SECTOR FC-L D8-28,1231.09375,-307.21875,-10.96875,Inner Orion Spur,Inner Orion Spur,G (White-Yellow) Star, 14 C,,Rocky body,0.1295719664,980,239,No volcanism,7.482215712,7.482271412,0.003003,zzz_Unknown
101,Alpha,COL 173 SECTOR FC-L D8-28,1231.09375,-307.21875,-10.96875,Inner Orion Spur,Inner Orion Spur,G (White-Yellow) Star, 14 C,,Rocky body,0.1295719664,980,239,No volcanism,7.482215712,7.482271412,0.003003,zzz_Unknown
102,Beta,COL 173 SECTOR YV-M D7-23,1005.46875,-271.125,-76.625,Inner Orion Spur,Inner Orion Spur,F (White) Star, A 7 A,,Rocky body,0.1951252217,1419,206,No volcanism,2.385171441,2.385285554,0.000477,zzz_Unknown
103,Alpha,COL 173 SECTOR YV-M D7-23,1005.46875,-271.125,-76.625,Inner Orion Spur,Inner Orion Spur,F (White) Star, A 7 A,,Rocky body,0.1951252217,1419,206,No volcanism,2.385171441,2.385285554,0.000477,zzz_Unknown
104,Alpha,COL 173 SECTOR OG-Z C15-35,1084.125,2.59375,12.9375,Inner Orion Spur,Inner Orion Spur,K (Yellow-Orange) Star, B 1,,High metal content world,0.2666319469,4548,297,No volcanism,21.47438419,21.47439321,0.000052,HunabKU
105,Gamma,COL 173 SECTOR OG-Z C15-35,1084.125,2.59375,12.9375,Inner Orion Spur,Inner Orion Spur,K (Yellow-Orange) Star, B 1,,High metal content world,0.2666319469,4548,297,No volcanism,21.47438419,21.47439321,0.000052,zzz_Unknown
106,Alpha,COL 173 SECTOR OG-Z C15-35,1084.125,2.59375,12.9375,Inner Orion Spur,Inner Orion Spur,K (Yellow-Orange) Star, B 1,,High metal content world,0.2666319469,4548,297,No volcanism,21.47438419,21.47439321,0.000052,zzz_Unknown
107,Gamma,COL 173 SECTOR WZ-O B22-4,1011.0625,-131.78125,-210.4375,Inner Orion Spur,Inner Orion Spur,M (Red dwarf) Star, C 6,,High metal content world,0.2831524562,299714,249,No volcanism,8.65671149,-8.656729557,0.007409,zzz_Unknown
108,Alpha,COL 173 SECTOR WZ-O B22-4,1011.0625,-131.78125,-210.4375,Inner Orion Spur,Inner Orion Spur,M (Red dwarf) Star, C 5,,High metal content world,0.2350078205,299700,282,No volcanism,5.738364257,5.738376735,0.001126,zzz_Unknown
109,Alpha,COL 173 SECTOR WZ-O B22-4,1011.0625,-131.78125,-210.4375,Inner Orion Spur,Inner Orion Spur,M (Red dwarf) Star, C 5,,High metal content world,0.2350078205,299700,282,No volcanism,5.738364257,5.738376735,0.001126,zzz_Unknown
110,Gamma,COL 173 SECTOR WZ-O B22-4,1011.0625,-131.78125,-210.4375,Inner Orion Spur,Inner Orion Spur,M (Red dwarf) Star, C 5,,High metal content world,0.2350078205,299700,282,No volcanism,5.738364257,5.738376735,0.001126,zzz_Unknown
111,Alpha,COL 173 SECTOR HR-M B23-3,1024.28125,-191.71875,-193.8125,Inner Orion Spur,Inner Orion Spur,T Tauri Star, B 7,,High metal content world,0.1458000592,2642,299,No volcanism,16.98628965,16.98629432,0.000132,Lialah Rose
112,Alpha,COL 173 SECTOR HR-M B23-3,1024.28125,-191.71875,-193.8125,Inner Orion Spur,Inner Orion Spur,T Tauri Star, B 7,,High metal content world,0.1458000592,2642,299,No volcanism,16.98628965,16.98629432,0.000132,zzz_Unknown
113,Beta,COL 173 SECTOR HR-M B23-3,1024.28125,-191.71875,-193.8125,Inner Orion Spur,Inner Orion Spur,T Tauri Star, C 5,,High metal content world,0.3550781137,2484,240,No volcanism,15.87223262,15.87227524,0.000231,Oida Voda
114,Gamma,COL 173 SECTOR KP-T B34-8,1086.09375,25.6875,46.3125,Inner Orion Spur,Inner Orion Spur,M (Red dwarf) Star, B 2,,High metal content world,0.1548753503,343,278,Major Silicate Vapour Geysers,0.4042313814,0.5735172463,0.124795,AdmlAdama
115,Beta,COL 173 SECTOR KP-T B34-8,1086.09375,25.6875,46.3125,Inner Orion Spur,Inner Orion Spur,M (Red dwarf) Star, B 2,,High metal content world,0.1548753503,343,278,Major Silicate Vapour Geysers,0.4042313814,0.5735172463,0.124795,AdmlAdama
116,Gamma,COL 173 SECTOR LB-W B31-0,1258.5,-283.125,-20.09375,Inner Orion Spur,Inner Orion Spur,M (Red dwarf) Star, C 1,,High metal content world,0.1484642212,225546,242,Metallic Magma,0.9708475297,0.9708507849,0.00002,PwnLuc Jicard
117,Beta,COL 173 SECTOR LB-W B31-0,1258.5,-283.125,-20.09375,Inner Orion Spur,Inner Orion Spur,M (Red dwarf) Star, C 1,,High metal content world,0.1484642212,225546,242,Metallic Magma,0.9708475297,0.9708507849,0.00002,PwnLuc Jicard
118,Beta,COL 173 SECTOR LB-W B31-0,1258.5,-283.125,-20.09375,Inner Orion Spur,Inner Orion Spur,M (Red dwarf) Star, C 1,,High metal content world,0.1484642212,225546,242,Metallic Magma,0.9708475297,0.9708507849,0.00002,PwnLuc Jicard
119,Gamma,COL 173 SECTOR OC-C B29-1,1206.46875,-190.59375,-82.625,Inner Orion Spur,Inner Orion Spur,M (Red dwarf) Star, A 4,,High metal content world,0.2876820388,96,298,No volcanism,46.13370324,46.13377395,0.000624,Alice Cooper
120,Beta,COL 173 SECTOR OC-C B29-1,1206.46875,-190.59375,-82.625,Inner Orion Spur,Inner Orion Spur,M (Red dwarf) Star, A 4,,High metal content world,0.2876820388,96,298,No volcanism,46.13370324,46.13377395,0.000624,Alice Cooper
121,Gamma,COL 173 SECTOR OC-C B29-1,1206.46875,-190.59375,-82.625,Inner Orion Spur,Inner Orion Spur,M (Red dwarf) Star, A 4,,High metal content world,0.2876820388,96,298,No volcanism,46.13370324,46.13377395,0.000624,Alice Cooper
122,Alpha,COL 173 SECTOR UU-O D6-30,1196.6875,-225.84375,-161.5,Inner Orion Spur,Inner Orion Spur,F (White) Star, 4 D,,Rocky body,0.130934016,925,290,No volcanism,7.415664555,-7.415707047,0.002304,Crassus
123,Gamma,COL 173 SECTOR UU-O D6-30,1196.6875,-225.84375,-161.5,Inner Orion Spur,Inner Orion Spur,F (White) Star, 4 D,,Rocky body,0.130934016,925,290,No volcanism,7.415664555,-7.415707047,0.002304,Crassus
124,Gamma,COL 173 SECTOR UU-O D6-30,1196.6875,-225.84375,-161.5,Inner Orion Spur,Inner Orion Spur,F (White) Star, 4 F,,Rocky body,0.1345273759,926,279,No volcanism,17.39441245,-17.39451047,0.001128,Crassus
125,Alpha,COL 173 SECTOR OZ-U B33-6,1160.90625,-20.03125,21.21875,Inner Orion Spur,Inner Orion Spur,M (Red dwarf) Star, A 1,,High metal content world,0.3031164509,31,284,No volcanism,11.4233941,11.42340639,0.000284,Zieman
126,Alpha,COL 173 SECTOR OZ-U B33-6,1160.90625,-20.03125,21.21875,Inner Orion Spur,Inner Orion Spur,M (Red dwarf) Star, A 1,,High metal content world,0.3031164509,31,284,No volcanism,11.4233941,11.42340639,0.000284,Zieman
127,Gamma,COL 173 SECTOR OZ-U B33-6,1160.90625,-20.03125,21.21875,Inner Orion Spur,Inner Orion Spur,M (Red dwarf) Star, A 1,,High metal content world,0.3031164509,31,284,No volcanism,11.4233941,11.42340639,0.000284,Zieman
128,Gamma,COL 173 SECTOR JB-F B27-1,1154.96875,-259.96875,-113.46875,Inner Orion Spur,Inner Orion Spur,M (Red dwarf) Star, A 4,,High metal content world,0.3955477523,107,283,No volcanism,55.38197338,55.38215856,0.001719,Zero Shift
129,Beta,COL 173 SECTOR JB-F B27-1,1154.96875,-259.96875,-113.46875,Inner Orion Spur,Inner Orion Spur,M (Red dwarf) Star, A 4,,High metal content world,0.3955477523,107,283,No volcanism,55.38197338,55.38215856,0.001719,Zero Shift
130,Beta,COL 173 SECTOR JB-F B27-1,1154.96875,-259.96875,-113.46875,Inner Orion Spur,Inner Orion Spur,M (Red dwarf) Star, BC 3,,High metal content world,0.2376105924,1238,273,No volcanism,17.75350405,17.75352141,0.001341,Zero Shift
131,Gamma,COL 173 SECTOR YG-A C15-20,1315.1875,-180.9375,-63.8125,Inner Orion Spur,Inner Orion Spur,K (Yellow-Orange) Star, A 1,,High metal content world,0.2284739391,249,277,No volcanism,142.5041921,1.036739798,0.000679,Zero Shift
132,Beta,COL 173 SECTOR YG-A C15-20,1315.1875,-180.9375,-63.8125,Inner Orion Spur,Inner Orion Spur,K (Yellow-Orange) Star, A 1,,High metal content world,0.2284739391,249,277,No volcanism,142.5041921,1.036739798,0.000679,Zero Shift
133,Alpha,COL 173 SECTOR WK-A A48-4,1098.15625,-39.96875,-188.75,Inner Orion Spur,Inner Orion Spur,L (Brown dwarf) Star, A 3,,High metal content world,0.2790733508,24,239,No volcanism,9.615193708,9.615218816,0.000105,Larzok82
134,Beta,COL 173 SECTOR WK-A A48-4,1098.15625,-39.96875,-188.75,Inner Orion Spur,Inner Orion Spur,L (Brown dwarf) Star, A 3,,High metal content world,0.2790733508,24,239,No volcanism,9.615193708,9.615218816,0.000105,Larzok82
135,Gamma,COL 173 SECTOR WK-A A48-4,1098.15625,-39.96875,-188.75,Inner Orion Spur,Inner Orion Spur,L (Brown dwarf) Star, A 3,,High metal content world,0.2790733508,24,239,No volcanism,9.615193708,9.615218816,0.000105,Larzok82
136,Beta,VELA DARK REGION FL-Y D63,1064.5,-144.03125,-101.71875,Inner Orion Spur,Inner Orion Spur,K (Yellow-Orange) Star, A 5,,High metal content world,0.1661985507,278,298,No volcanism,171.2573416,2.025420309,0.001902,Farran
137,Alpha,VELA DARK REGION FL-Y D63,1064.5,-144.03125,-101.71875,Inner Orion Spur,Inner Orion Spur,K (Yellow-Orange) Star, A 5,,High metal content world,0.1661985507,278,298,No volcanism,171.2573416,2.025420309,0.001902,Farran
138,Beta,VELA DARK REGION FL-Y D63,1064.5,-144.03125,-101.71875,Inner Orion Spur,Inner Orion Spur,K (Yellow-Orange) Star, B 1,,High metal content world,0.1473722721,6671,236,No volcanism,46.57622841,46.57624817,0.001098,Farran
139,Gamma,VELA DARK REGION FL-Y D63,1064.5,-144.03125,-101.71875,Inner Orion Spur,Inner Orion Spur,K (Yellow-Orange) Star, B 1,,High metal content world,0.1473722721,6671,236,No volcanism,46.57622841,46.57624817,0.001098,Farran
140,Beta,SYNUEFE YY-Q C21-19,589.15625,-144.5,-107.84375,Inner Orion Spur,Inner Orion Spur,K (Yellow-Orange) Star, 2 A,,Rocky body,0.1965979891,752,280,No volcanism,2.505643914,2.505670488,0.002286,Awan
141,Gamma,IC 2391 SECTOR YE-A D103,489.03125,-98.09375,-34.96875,Inner Orion Spur,Inner Orion Spur,F (White) Star, B 1,,High metal content world,0.2228546053,21975,245,No volcanism,29.00082618,49.11830026,0.042952,Spock Oddsocks
142,Gamma,VELA DARK REGION VO-Q B5-1,1062.03125,-91.8125,-40.4375,Inner Orion Spur,Inner Orion Spur,M (Red dwarf) Star, B 6,,High metal content world,0.3947252655,7891,289,No volcanism,54.67846645,54.47759526,0.003402,P-R-TRIDGE
143,Beta,VELA DARK REGION VO-Q B5-1,1062.03125,-91.8125,-40.4375,Inner Orion Spur,Inner Orion Spur,M (Red dwarf) Star, B 6,,High metal content world,0.3947252655,7891,289,No volcanism,54.67846645,54.47759526,0.003402,P-R-TRIDGE
144,Alpha,VELA DARK REGION VO-Q B5-1,1062.03125,-91.8125,-40.4375,Inner Orion Spur,Inner Orion Spur,M (Red dwarf) Star, C 5,,High metal content world,0.3678384845,7058,234,No volcanism,75.93957638,75.93971455,0.000276,P-R-TRIDGE
145,Beta,BLAE EORK QU-D D13-3,8602.75,-219.8125,2641.9375,Outer Orion Spur,Outer Orion Spur,F (White) Star,3,,High metal content world,0.2993244142,629,234,No volcanism,492.0893452,1.273152289,0.000019,Zed
146,Gamma,BLAE EORK QU-D D13-3,8602.75,-219.8125,2641.9375,Outer Orion Spur,Outer Orion Spur,F (White) Star,3,,High metal content world,0.2993244142,629,234,No volcanism,492.0893452,1.273152289,0.000019,Zed
147,Gamma,BLAE EORK QU-D D13-3,8602.75,-219.8125,2641.9375,Outer Orion Spur,Outer Orion Spur,F (White) Star,3,,High metal content world,0.2993244142,629,234,No volcanism,492.0893452,1.273152289,0.000019,Zed
148,Gamma,VELA DARK REGION WT-R B4-3,1044.6875,-158.4375,-62.5625,Inner Orion Spur,Inner Orion Spur,M (Red dwarf) Star, B 1,,High metal content world,0.2017171106,860,304,Minor Rocky Magma,2.15578559,2.119004268,0.00085,iamF1
149,Gamma,VELA DARK REGION WT-R B4-3,1044.6875,-158.4375,-62.5625,Inner Orion Spur,Inner Orion Spur,M (Red dwarf) Star, B 2,,High metal content world,0.1704947623,877,246,No volcanism,4.687386068,4.64094401,0.000022,iamF1
150,Beta,VELA DARK REGION WT-R B4-3,1044.6875,-158.4375,-62.5625,Inner Orion Spur,Inner Orion Spur,M (Red dwarf) Star, B 2,,High metal content world,0.1704947623,877,246,No volcanism,4.687386068,4.64094401,0.000022,iamF1
151,Gamma,ETA CARINA SECTOR EL-Y D16,8636.59375,-156.1875,2686.71875,Outer Orion Spur,Outer Orion Spur,F (White) Star, ABC 4 A,,Rocky body,0.2121259481,1922,244,Minor Rocky Magma,2.176303348,2.134613966,0.005796,Factabulous
152,Beta,ETA CARINA SECTOR EL-Y D16,8636.59375,-156.1875,2686.71875,Outer Orion Spur,Outer Orion Spur,F (White) Star, ABC 4 A,,Rocky body,0.2121259481,1922,244,Minor Rocky Magma,2.176303348,2.134613966,0.005796,Factabulous
153,Gamma,ETA CARINA SECTOR EL-Y D16,8636.59375,-156.1875,2686.71875,Outer Orion Spur,Outer Orion Spur,F (White) Star, ABC 4 A,,Rocky body,0.2121259481,1922,244,Minor Rocky Magma,2.176303348,2.134613966,0.005796,Factabulous
154,Alpha,ETA CARINA SECTOR IM-V C2-4,8629.1875,-98.8125,2713.0625,Outer Orion Spur,Outer Orion Spur,K (Yellow-Orange) Star, A 2,,High metal content world,0.3044106826,447,206,No volcanism,17.16328785,17.85552945,0.190605,Factabulous
155,Gamma,ETA CARINA SECTOR IM-V C2-4,8629.1875,-98.8125,2713.0625,Outer Orion Spur,Outer Orion Spur,K (Yellow-Orange) Star, A 2,,High metal content world,0.3044106826,447,206,No volcanism,17.16328785,17.85552945,0.190605,Factabulous
156,Alpha,ETA CARINA SECTOR IM-V C2-4,8629.1875,-98.8125,2713.0625,Outer Orion Spur,Outer Orion Spur,K (Yellow-Orange) Star, A 2,,High metal content world,0.3044106826,447,206,No volcanism,17.16328785,17.85552945,0.190605,Factabulous
157,Gamma,2MASS J10444160-5947046,8614.1875,-116.6875,2733.03125,Outer Orion Spur,Outer Orion Spur,A (Blue-White) Star, 1 B,,Rocky body,0.1317382616,1551,245,No volcanism,5.909919256,5.910027186,0.000493,Factabulous
158,Alpha,2MASS J10444160-5947046,8614.1875,-116.6875,2733.03125,Outer Orion Spur,Outer Orion Spur,A (Blue-White) Star, 1 B,,Rocky body,0.1317382616,1551,245,No volcanism,5.909919256,5.910027186,0.000493,Factabulous
159,Alpha,COL 173 SECTOR UU-O D6-20,1192.09375,-209.15625,-184.65625,Inner Orion Spur,Inner Orion Spur,G (White-Yellow) Star, 6 D,,Rocky body,0.244565895,801,278,No volcanism,4.333422416,4.333523584,0.002198,Factabulous
160,Beta,COL 173 SECTOR UU-O D6-20,1192.09375,-209.15625,-184.65625,Inner Orion Spur,Inner Orion Spur,G (White-Yellow) Star, 6 C,,Rocky body,0.2932117395,794,294,No volcanism,2.509135408,-2.509193588,0.000249,Factabulous
161,Alpha,COL 173 SECTOR UU-O D6-20,1192.09375,-209.15625,-184.65625,Inner Orion Spur,Inner Orion Spur,G (White-Yellow) Star, 6 C,,Rocky body,0.2932117395,794,294,No volcanism,2.509135408,-2.509193588,0.000249,Factabulous
162,Beta,COL 173 SECTOR LJ-F C12-0,1202.125,-213.40625,-165.5625,Inner Orion Spur,Inner Orion Spur,G (White-Yellow) Star, B 6,,High metal content world,0.223236977,159230,302,No volcanism,29.50252275,29.50254116,0.000449,Dave Weyland
163,Beta,COL 173 SECTOR LJ-F C12-0,1202.125,-213.40625,-165.5625,Inner Orion Spur,Inner Orion Spur,G (White-Yellow) Star, B 6,,High metal content world,0.223236977,159230,302,No volcanism,29.50252275,29.50254116,0.000449,Dave Weyland
164,Beta,COL 173 SECTOR LJ-F C12-0,1202.125,-213.40625,-165.5625,Inner Orion Spur,Inner Orion Spur,G (White-Yellow) Star, B 6,,High metal content world,0.223236977,159230,302,No volcanism,29.50252275,29.50254116,0.000449,Dave Weyland
165,Alpha,COL 173 SECTOR LJ-F C12-0,1202.125,-213.40625,-165.5625,Inner Orion Spur,Inner Orion Spur,G (White-Yellow) Star, B 7,,High metal content world,0.2226357802,159327,243,No volcanism,6.821056207,10.37956527,0.08222,Dave Weyland
166,Gamma,COL 173 SECTOR LJ-F C12-0,1202.125,-213.40625,-165.5625,Inner Orion Spur,Inner Orion Spur,G (White-Yellow) Star, B 7,,High metal content world,0.2226357802,159327,243,No volcanism,6.821056207,10.37956527,0.08222,Dave Weyland
167,Beta,BLAE EORK IF-G C27-13,8668.1875,-172.03125,2656.125,Outer Orion Spur,Outer Orion Spur,K (Yellow-Orange) Star, A 1,,High metal content world,0.1911978683,296,279,No volcanism,183.8180133,0.975250691,0.000623,Commanjo20X6
168,Beta,BLAE EORK IF-G C27-13,8668.1875,-172.03125,2656.125,Outer Orion Spur,Outer Orion Spur,K (Yellow-Orange) Star, A 1,,High metal content world,0.1911978683,296,279,No volcanism,183.8180133,0.975250691,0.000623,Commanjo20X6
169,Gamma,BLAE EORK IF-G C27-13,8668.1875,-172.03125,2656.125,Outer Orion Spur,Outer Orion Spur,K (Yellow-Orange) Star, A 1,,High metal content world,0.1911978683,296,279,No volcanism,183.8180133,0.975250691,0.000623,Commanjo20X6
170,Beta,COL 173 SECTOR JX-K B24-0,993.0625,-188.1875,-173.53125,Inner Orion Spur,Inner Orion Spur,M (Red dwarf) Star, B 4,,High metal content world,0.2936797262,678,248,No volcanism,9.078588889,9.023277151,0.005665,Raiss
171,Gamma,COL 173 SECTOR JX-K B24-0,993.0625,-188.1875,-173.53125,Inner Orion Spur,Inner Orion Spur,M (Red dwarf) Star, B 2,,High metal content world,0.2112206905,689,294,No volcanism,3.959784905,3.915720726,0.000016,Raiss
172,Alpha,COL 173 SECTOR JX-K B24-0,993.0625,-188.1875,-173.53125,Inner Orion Spur,Inner Orion Spur,M (Red dwarf) Star, B 2,,High metal content world,0.2112206905,689,294,No volcanism,3.959784905,3.915720726,0.000016,Raiss
173,Beta,PRUA PHOE TS-B D252,-5541.84375,-548.03125,10516.9375,Inner Scutum-Centaurus Arm,Inner Scutum-Centaurus Arm,F (White) Star, C 6,,High metal content world,0.1426078233,505163,282,Major Rocky Magma,1.445112957,1.85949548,0.025342,Factabulous
174,Gamma,PRUA PHOE TS-B D252,-5541.84375,-548.03125,10516.9375,Inner Scutum-Centaurus Arm,Inner Scutum-Centaurus Arm,F (White) Star, D 1,,High metal content world,0.3099196246,505260,276,Major Rocky Magma,1.745954363,1.745958492,0.00145,Factabulous
175,Beta,PRUA PHOE TS-B D252,-5541.84375,-548.03125,10516.9375,Inner Scutum-Centaurus Arm,Inner Scutum-Centaurus Arm,F (White) Star, D 1,,High metal content world,0.3099196246,505260,276,Major Rocky Magma,1.745954363,1.745958492,0.00145,Factabulous
176,Beta,PRUA PHOE TS-B D252,-5541.84375,-548.03125,10516.9375,Inner Scutum-Centaurus Arm,Inner Scutum-Centaurus Arm,F (White) Star, D 1,,High metal content world,0.3099196246,505260,276,Major Rocky Magma,1.745954363,1.745958492,0.00145,Factabulous
177,Alpha,COL 173 SECTOR YF-N D7-74,1315.75,-181.5625,-62.1875,Inner Orion Spur,Inner Orion Spur,K (Yellow-Orange) Star, C 4,,High metal content world,0.1914593996,4989,245,No volcanism,44.19662196,44.1966546,0.000527,DMehaffy
178,Alpha,COL 173 SECTOR YF-N D7-74,1315.75,-181.5625,-62.1875,Inner Orion Spur,Inner Orion Spur,K (Yellow-Orange) Star, C 4,,High metal content world,0.1914593996,4989,245,No volcanism,44.19662196,44.1966546,0.000527,DMehaffy
179,Beta,COL 173 SECTOR YF-N D7-74,1315.75,-181.5625,-62.1875,Inner Orion Spur,Inner Orion Spur,K (Yellow-Orange) Star, C 4,,High metal content world,0.1914593996,4989,245,No volcanism,44.19662196,44.1966546,0.000527,DMehaffy
180,Alpha,PRUA PHOE XY-Z D42,-5525.5625,-559.09375,10547.71875,Inner Scutum-Centaurus Arm,Inner Scutum-Centaurus Arm,A (Blue-White) Star, 7 A,,Rocky body,0.2273661969,1125,289,No volcanism,2.551084522,-2.551307041,0.000677,Factabulous
181,Gamma,PRUA PHOE XY-Z D42,-5525.5625,-559.09375,10547.71875,Inner Scutum-Centaurus Arm,Inner Scutum-Centaurus Arm,A (Blue-White) Star, 7 A,,Rocky body,0.2273661969,1125,289,No volcanism,2.551084522,-2.551307041,0.000677,Factabulous
182,Beta,PRUA PHOE XY-Z D42,-5525.5625,-559.09375,10547.71875,Inner Scutum-Centaurus Arm,Inner Scutum-Centaurus Arm,A (Blue-White) Star, 7 A,,Rocky body,0.2273661969,1125,289,No volcanism,2.551084522,-2.551307041,0.000677,Factabulous
183,Alpha,PRUA PHOE XY-Z D42,-5525.5625,-559.09375,10547.71875,Inner Scutum-Centaurus Arm,Inner Scutum-Centaurus Arm,A (Blue-White) Star, 8 A,,Rocky body,0.1810027484,1606,275,Minor Metallic Magma,1.201210757,1.201228932,0.000034,Factabulous
184,Alpha,PRUA PHOE XY-Z D42,-5525.5625,-559.09375,10547.71875,Inner Scutum-Centaurus Arm,Inner Scutum-Centaurus Arm,A (Blue-White) Star, 8 A,,Rocky body,0.1810027484,1606,275,Minor Metallic Magma,1.201210757,1.201228932,0.000034,Factabulous
185,Gamma,PRUA PHOE XY-Z D114,-5517.78125,-566,10544.46875,Inner Scutum-Centaurus Arm,Inner Scutum-Centaurus Arm,F (White) Star, 4 D,,Rocky body,0.1300864164,829,305,No volcanism,4.014256169,4.014295747,0.002329,Factabulous
186,Alpha,PRUA PHOE XY-Z D114,-5517.78125,-566,10544.46875,Inner Scutum-Centaurus Arm,Inner Scutum-Centaurus Arm,F (White) Star, 4 F,,Rocky body,0.1945218831,828,283,No volcanism,17.47749125,17.47766288,0.001208,Factabulous
187,Gamma,PRUA PHOE XY-Z D114,-5517.78125,-566,10544.46875,Inner Scutum-Centaurus Arm,Inner Scutum-Centaurus Arm,F (White) Star, 4 F,,Rocky body,0.1945218831,828,283,No volcanism,17.47749125,17.47766288,0.001208,Factabulous
188,Gamma,PRUA PHOE XY-Z D114,-5517.78125,-566,10544.46875,Inner Scutum-Centaurus Arm,Inner Scutum-Centaurus Arm,F (White) Star, 4 F,,Rocky body,0.1945218831,828,283,No volcanism,17.47749125,17.47766288,0.001208,Factabulous
189,Gamma,COL 173 SECTOR VN-A B30-1,1305.1875,-169.125,-52.125,Inner Orion Spur,Inner Orion Spur,M (Red dwarf) Star, C 3,,High metal content world,0.3214890685,2212,248,No volcanism,57.60425926,57.60429398,0.000706,Baton
190,Gamma,COL 173 SECTOR VN-A B30-1,1305.1875,-169.125,-52.125,Inner Orion Spur,Inner Orion Spur,M (Red dwarf) Star, C 3,,High metal content world,0.3214890685,2212,248,No volcanism,57.60425926,57.60429398,0.000706,Baton
191,Alpha,COL 173 SECTOR VN-A B30-1,1305.1875,-169.125,-52.125,Inner Orion Spur,Inner Orion Spur,M (Red dwarf) Star, C 3,,High metal content world,0.3214890685,2212,248,No volcanism,57.60425926,57.60429398,0.000706,Baton
192,Gamma,PRUA PHOE US-B D86,-5476.6875,-518.8125,10526.65625,Inner Scutum-Centaurus Arm,Inner Scutum-Centaurus Arm,F (White) Star, C 2,,High metal content world,0.2269445717,32724,284,Major Silicate Vapour Geysers,0.4629106985,0.6567634384,0.049246,Factabulous
193,Beta,PRUA PHOE US-B D86,-5476.6875,-518.8125,10526.65625,Inner Scutum-Centaurus Arm,Inner Scutum-Centaurus Arm,F (White) Star, C 2,,High metal content world,0.2269445717,32724,284,Major Silicate Vapour Geysers,0.4629106985,0.6567634384,0.049246,Factabulous
194,Gamma,PRUA PHOE US-B D86,-5476.6875,-518.8125,10526.65625,Inner Scutum-Centaurus Arm,Inner Scutum-Centaurus Arm,F (White) Star, C 2,,High metal content world,0.2269445717,32724,284,Major Silicate Vapour Geysers,0.4629106985,0.6567634384,0.049246,Factabulous
195,Gamma,PRUA PHOE US-B D86,-5476.6875,-518.8125,10526.65625,Inner Scutum-Centaurus Arm,Inner Scutum-Centaurus Arm,F (White) Star, C 3,,High metal content world,0.225930792,32724,284,Major Silicate Vapour Geysers,0.4629106985,0.6525656329,0.049246,Factabulous
196,Alpha,PRUA PHOE US-B D86,-5476.6875,-518.8125,10526.65625,Inner Scutum-Centaurus Arm,Inner Scutum-Centaurus Arm,F (White) Star, C 3,,High metal content world,0.225930792,32724,284,Major Silicate Vapour Geysers,0.4629106985,0.6525656329,0.049246,Factabulous
197,Alpha,BLAE EORK RU-D D13-17,8675.5,-238.5,2655.625,Outer Orion Spur,Outer Orion Spur,F (White) Star, 1 A,,Rocky body,0.1225865779,863,294,Minor Silicate Vapour Geysers,1.478097602,1.409525011,0.000092,Commanjo20X6
198,Beta,BLAE EORK RU-D D13-17,8675.5,-238.5,2655.625,Outer Orion Spur,Outer Orion Spur,F (White) Star, 1 A,,Rocky body,0.1225865779,863,294,Minor Silicate Vapour Geysers,1.478097602,1.409525011,0.000092,Commanjo20X6
199,Alpha,BLAE EORK RU-D D13-17,8675.5,-238.5,2655.625,Outer Orion Spur,Outer Orion Spur,F (White) Star, 1 A,,Rocky body,0.1225865779,863,294,Minor Silicate Vapour Geysers,1.478097602,1.409525011,0.000092,Commanjo20X6
200,Gamma,COL 173 SECTOR UG-B C14-0,1012.8125,-328.71875,-77.96875,Inner Orion Spur,Inner Orion Spur,K (Yellow-Orange) Star, C 1,,High metal content world,0.3624820161,78990,250,No volcanism,8.291540075,8.291577691,0.000229,Dan Soare
201,Beta,COL 173 SECTOR UG-B C14-0,1012.8125,-328.71875,-77.96875,Inner Orion Spur,Inner Orion Spur,K (Yellow-Orange) Star, C 1,,High metal content world,0.3624820161,78990,250,No volcanism,8.291540075,8.291577691,0.000229,Dan Soare
202,Alpha,BLAE EORK RU-D D13-20,8675.25,-185.65625,2687.09375,Outer Orion Spur,Outer Orion Spur,F (White) Star, 5 D,,Rocky body,0.1983613949,953,296,No volcanism,19.02242226,19.02294797,0.001117,Den Elton
203,Beta,BLAE EORK RU-D D13-20,8675.25,-185.65625,2687.09375,Outer Orion Spur,Outer Orion Spur,F (White) Star, 5 D,,Rocky body,0.1983613949,953,296,No volcanism,19.02242226,19.02294797,0.001117,Den Elton
204,Gamma,BLAE EORK RU-D D13-20,8675.25,-185.65625,2687.09375,Outer Orion Spur,Outer Orion Spur,F (White) Star, 5 D,,Rocky body,0.1983613949,953,296,No volcanism,19.02242226,19.02294797,0.001117,Den Elton
205,Alpha,COL 173 SECTOR KT-G B40-2,1172.03125,-221.34375,167.28125,Inner Orion Spur,Inner Orion Spur,M (Red dwarf) Star, A 3,,High metal content world,0.4124771198,24,291,No volcanism,8.157921403,-8.157949079,0.000917,b0rys
206,Alpha,COL 173 SECTOR KT-G B40-2,1172.03125,-221.34375,167.28125,Inner Orion Spur,Inner Orion Spur,M (Red dwarf) Star, A 3,,High metal content world,0.4124771198,24,291,No volcanism,8.157921403,-8.157949079,0.000917,zzz_Unknown
207,Alpha,COL 173 SECTOR KT-G B40-2,1172.03125,-221.34375,167.28125,Inner Orion Spur,Inner Orion Spur,M (Red dwarf) Star, A 3,,High metal content world,0.4124771198,24,291,No volcanism,8.157921403,-8.157949079,0.000917,zzz_Unknown
208,Alpha,COL 173 SECTOR RH-C B29-1,1306.15625,-179.21875,-71.71875,Inner Orion Spur,Inner Orion Spur,M (Red dwarf) Star, B 3,,High metal content world,0.1612444928,2170,278,No volcanism,3.302102141,3.30211046,0.00038,Namix
209,Beta,COL 173 SECTOR RH-C B29-1,1306.15625,-179.21875,-71.71875,Inner Orion Spur,Inner Orion Spur,M (Red dwarf) Star, B 3,,High metal content world,0.1612444928,2170,278,No volcanism,3.302102141,3.30211046,0.00038,Namix
210,Beta,COL 173 SECTOR RH-C B29-1,1306.15625,-179.21875,-71.71875,Inner Orion Spur,Inner Orion Spur,M (Red dwarf) Star, B 3,,High metal content world,0.1612444928,2170,278,No volcanism,3.302102141,3.30211046,0.00038,Namix
211,Gamma,PRAI HYPOO GF-E C10,-9308.09375,-406.1875,7927.40625,Temple,Temple,M (Red dwarf) Star, B 4,,High metal content world,0.1495310721,1753,280,No volcanism,6.107690158,8.938398275,0.121903,Baton
212,Gamma,PRAI HYPOO GF-E C10,-9308.09375,-406.1875,7927.40625,Temple,Temple,M (Red dwarf) Star, B 4,,High metal content world,0.1495310721,1753,280,No volcanism,6.107690158,8.938398275,0.121903,Baton
213,Gamma,PRAI HYPOO GF-E C10,-9308.09375,-406.1875,7927.40625,Temple,Temple,M (Red dwarf) Star, B 4,,High metal content world,0.1495310721,1753,280,No volcanism,6.107690158,8.938398275,0.121903,Baton
214,Alpha,EORL AUWSY SY-Z D13-3468,4948.46875,165.0625,20654.53125,Empyrean Straits,Empyrean Straits,F (White) Star, ABC 1 H,,Rocky body,0.1415755856,1312,239,No volcanism,32.2859548,32.28622054,0.001669,b0rys
215,Alpha,COL 173 SECTOR XF-N D7-105,1293.5625,-175.625,-48.3125,Inner Orion Spur,Inner Orion Spur,F (White) Star, A 4 A,,Rocky body,0.1482699057,2026,224,No volcanism,4.155704062,-4.155748954,0.000679,BlakeA
216,Gamma,COL 173 SECTOR XF-N D7-105,1293.5625,-175.625,-48.3125,Inner Orion Spur,Inner Orion Spur,F (White) Star, A 4 A,,Rocky body,0.1482699057,2026,224,No volcanism,4.155704062,-4.155748954,0.000679,Namix
217,Gamma,COL 173 SECTOR XF-N D7-105,1293.5625,-175.625,-48.3125,Inner Orion Spur,Inner Orion Spur,F (White) Star, A 4 A,,Rocky body,0.1482699057,2026,224,No volcanism,4.155704062,-4.155748954,0.000679,Namix
218,Gamma,EORL AUWSY SY-Z D13-3861,4950.3125,166.8125,20641.59375,Empyrean Straits,Empyrean Straits,F (White) Star, 3 C,,Rocky body,0.2978557012,1184,243,No volcanism,5.954157837,5.954315958,0.004715,b0rys
219,Beta,EORL AUWSY SY-Z D13-3861,4950.3125,166.8125,20641.59375,Empyrean Straits,Empyrean Straits,F (White) Star, 3 C,,Rocky body,0.2978557012,1184,243,No volcanism,5.954157837,5.954315958,0.004715,b0rys
220,Alpha,EORL AUWSY SY-Z D13-3861,4950.3125,166.8125,20641.59375,Empyrean Straits,Empyrean Straits,F (White) Star, 4 C,,Rocky body,0.1342744478,1789,209,No volcanism,3.610218151,3.50775507,0.003831,Factabulous
221,Gamma,EORL AUWSY SY-Z D13-3468,4948.46875,165.0625,20654.53125,Empyrean Straits,Empyrean Straits,F (White) Star, ABC 3 C,,Rocky body,0.2073032464,3895,241,No volcanism,3.342902495,3.342969393,0.003736,Factabulous
222,Beta,EORL AUWSY SY-Z D13-3468,4948.46875,165.0625,20654.53125,Empyrean Straits,Empyrean Straits,F (White) Star, ABC 3 C,,Rocky body,0.2073032464,3895,241,No volcanism,3.342902495,3.342969393,0.003736,Factabulous
223,Alpha,PRAI HYPOO QC-C D31,-9294.75,-379.9375,7952.03125,Temple,Temple,G (White-Yellow) Star, 2 A,,Rocky body,0.2144776692,691,286,No volcanism,2.305224193,2.226698873,0.001752,Baton
224,Alpha,PRAI HYPOO QC-C D31,-9294.75,-379.9375,7952.03125,Temple,Temple,G (White-Yellow) Star, 2 A,,Rocky body,0.2144776692,691,286,No volcanism,2.305224193,2.226698873,0.001752,Baton
225,Gamma,COL 173 SECTOR YG-A C15-12,1301.71875,-172.84375,-39.375,Inner Orion Spur,Inner Orion Spur,K (Yellow-Orange) Star, B 1,,High metal content world,0.1746864702,3123,276,No volcanism,50.32067429,50.32068541,0.001055,Namix
226,Gamma,COL 173 SECTOR YG-A C15-12,1301.71875,-172.84375,-39.375,Inner Orion Spur,Inner Orion Spur,K (Yellow-Orange) Star, B 1,,High metal content world,0.1746864702,3123,276,No volcanism,50.32067429,50.32068541,0.001055,Namix
227,Gamma,BLAA HYPAI LZ-F B27-0,1251.4375,-752.71875,12330.53125,Norma Expanse,Norma Expanse,M (Red dwarf) Star, A 5,,High metal content world,0.2156859099,56,298,No volcanism,24.525706,24.52573264,0.001055,Astinius
228,Alpha,BLAA HYPAI LZ-F B27-0,1251.4375,-752.71875,12330.53125,Norma Expanse,Norma Expanse,M (Red dwarf) Star, A 5,,High metal content world,0.2156859099,56,298,No volcanism,24.525706,24.52573264,0.001055,Astinius
229,Gamma,BLAA HYPAI LZ-F B27-0,1251.4375,-752.71875,12330.53125,Norma Expanse,Norma Expanse,M (Red dwarf) Star, A 5,,High metal content world,0.2156859099,56,298,No volcanism,24.525706,24.52573264,0.001055,Astinius
230,Gamma,BLAA HYPAI OZ-O D6-16,1285.5,-731.65625,12309.34375,Norma Expanse,Norma Expanse,F (White) Star, 4 C,,Rocky body,0.1670820323,1012,299,No volcanism,5.989166046,-5.896148019,0.002326,Baton
231,Gamma,BLAA HYPAI OZ-O D6-16,1285.5,-731.65625,12309.34375,Norma Expanse,Norma Expanse,F (White) Star, 4 C,,Rocky body,0.1670820323,1012,299,No volcanism,5.989166046,-5.896148019,0.002326,Baton
232,Beta,BLAA HYPAI OZ-O D6-16,1285.5,-731.65625,12309.34375,Norma Expanse,Norma Expanse,F (White) Star, 4 C,,Rocky body,0.1670820323,1012,299,No volcanism,5.989166046,-5.896148019,0.002326,Baton
233,Alpha,NGC 3199 SECTOR IM-V C2-5,14619.96875,-220.375,3560.375,Outer Orion Spur,Outer Orion Spur,T Tauri Star, B 4,,High metal content world,0.1542403298,231612,280,Minor Metallic Magma,0.8237696218,1.133036332,0.176542,b0rys
234,Beta,NGC 3199 SECTOR IM-V C2-5,14619.96875,-220.375,3560.375,Outer Orion Spur,Outer Orion Spur,T Tauri Star, B 3,,High metal content world,0.1603775142,231612,280,Minor Metallic Magma,0.8237696218,0.7998673462,0.176542,b0rys
235,Beta,NGC 3199 SECTOR IM-V C2-5,14619.96875,-220.375,3560.375,Outer Orion Spur,Outer Orion Spur,T Tauri Star, B 3,,High metal content world,0.1603775142,231612,280,Minor Metallic Magma,0.8237696218,0.7998673462,0.176542,b0rys
236,Gamma,COL 173 SECTOR AU-Y B30-2,1329.46875,-178.09375,-25.40625,Inner Orion Spur,Inner Orion Spur,M (Red dwarf) Star, B 4,,High metal content world,0.1859672163,1514,290,No volcanism,4.293897569,4.293898655,0.007568,Cymoril Irsei
237,Beta,COL 173 SECTOR AU-Y B30-2,1329.46875,-178.09375,-25.40625,Inner Orion Spur,Inner Orion Spur,M (Red dwarf) Star, B 4,,High metal content world,0.1859672163,1514,290,No volcanism,4.293897569,4.293898655,0.007568,Cymoril Irsei
238,Beta,NGC 3199 SECTOR MC-V C2-8,14619.8125,-275.40625,3560.90625,Outer Orion Spur,Outer Orion Spur,T Tauri Star, A 5,,High metal content world,0.1742854601,93,240,No volcanism,43.90534289,7.534448988,0.001478,b0rys
239,Alpha,NGC 3199 SECTOR MC-V C2-8,14619.8125,-275.40625,3560.90625,Outer Orion Spur,Outer Orion Spur,T Tauri Star, A 5,,High metal content world,0.1742854601,93,240,No volcanism,43.90534289,7.534448988,0.001478,b0rys
240,Beta,BLAE EORK UL-J B56-1,8710.15625,-113.9375,2702,Outer Orion Spur,Outer Orion Spur,M (Red dwarf) Star, A 3,,High metal content world,0.1545504818,62,283,No volcanism,1.2383461,1.690175302,0.149139,Den Elton
241,Alpha,BLAE EORK UL-J B56-1,8710.15625,-113.9375,2702,Outer Orion Spur,Outer Orion Spur,M (Red dwarf) Star, A 3,,High metal content world,0.1545504818,62,283,No volcanism,1.2383461,1.690175302,0.149139,Den Elton
242,Alpha,BLAE EORK UL-J B56-1,8710.15625,-113.9375,2702,Outer Orion Spur,Outer Orion Spur,M (Red dwarf) Star, A 3,,High metal content world,0.1545504818,62,283,No volcanism,1.2383461,1.690175302,0.149139,Den Elton
243,Beta,NGC 3199 SECTOR DL-Y D12,14563.875,-302.53125,3509.9375,Outer Orion Spur,Outer Orion Spur,A (Blue-White) Star, 1 A,,Rocky body,0.1365519906,852,281,Major Silicate Vapour Geysers,0.7843358925,-0.784339748,0.000003,Baton
244,Alpha,NGC 3199 SECTOR DL-Y D12,14563.875,-302.53125,3509.9375,Outer Orion Spur,Outer Orion Spur,A (Blue-White) Star, 1 A,,Rocky body,0.1365519906,852,281,Major Silicate Vapour Geysers,0.7843358925,-0.784339748,0.000003,Baton
245,Gamma,NGC 3199 SECTOR BV-Y C2,14595.53125,-225.84375,3490.34375,Outer Orion Spur,Outer Orion Spur,K (Yellow-Orange) Star, B 1,,High metal content world,0.2110777669,4921,282,No volcanism,78.26264258,4.842047364,0.000769,Baton
246,Gamma,NGC 3199 SECTOR BV-Y C2,14595.53125,-225.84375,3490.34375,Outer Orion Spur,Outer Orion Spur,K (Yellow-Orange) Star, B 1,,High metal content world,0.2110777669,4921,282,No volcanism,78.26264258,4.842047364,0.000769,Baton
247,Alpha,BLAA HYPAI XR-I B26-0,1238.59375,-663.0625,12299.96875,Norma Expanse,Norma Expanse,M (Red dwarf) Star, A 3,,High metal content world,0.2816325476,62,283,,27.26295342,27.2629718,0.000228,Sgt.Glory
248,Alpha,BLAA HYPAI XR-I B26-0,1238.59375,-663.0625,12299.96875,Norma Expanse,Norma Expanse,M (Red dwarf) Star, A 3,,High metal content world,0.2816325476,62,283,,27.26295342,27.2629718,0.000228,Sgt.Glory
249,Beta,BLAA HYPAI XR-I B26-0,1238.59375,-663.0625,12299.96875,Norma Expanse,Norma Expanse,M (Red dwarf) Star, A 3,,High metal content world,0.2816325476,62,283,,27.26295342,27.2629718,0.000228,Sgt.Glory
250,Alpha,COL 173 SECTOR XY-Y B30-1,1310.53125,-155.5,-27.65625,Inner Orion Spur,Inner Orion Spur,M (Red dwarf) Star, B 2,,High metal content world,0.1987916195,581,238,No volcanism,5.539231771,5.539235026,0.000645,Baton
251,Gamma,COL 173 SECTOR XY-Y B30-1,1310.53125,-155.5,-27.65625,Inner Orion Spur,Inner Orion Spur,M (Red dwarf) Star, B 2,,High metal content world,0.1987916195,581,238,No volcanism,5.539231771,5.539235026,0.000645,Baton
252,Gamma,BLAA HYPAI EU-D C13-0,1244.25,-752.1875,12307,Norma Expanse,Norma Expanse,K (Yellow-Orange) Star, B 4,,High metal content world,0.1785770785,413317,235,No volcanism,4.99991645,5.797376302,0.000512,Baton
253,Gamma,BLAA HYPAI EU-D C13-0,1244.25,-752.1875,12307,Norma Expanse,Norma Expanse,K (Yellow-Orange) Star, B 4,,High metal content world,0.1785770785,413317,235,No volcanism,4.99991645,5.797376302,0.000512,Baton
254,Alpha,BLAA HYPAI EU-D C13-0,1244.25,-752.1875,12307,Norma Expanse,Norma Expanse,K (Yellow-Orange) Star, B 4,,High metal content world,0.1785770785,413317,235,No volcanism,4.99991645,5.797376302,0.000512,Baton
255,Alpha,COL 173 SECTOR QU-O D6-25,878.84375,-205.5625,-156.59375,Inner Orion Spur,Inner Orion Spur,F (White) Star, 5 B,,Rocky body,0.1785208153,1282,248,No volcanism,3.006980927,3.007024422,0.000703,Thorinbur
256,Alpha,PRAI HYPOO WD-A D1-6,-9302.25,-459.46875,7978.78125,Temple,Temple,A (Blue-White) Star, 10 A,,Rocky body,0.1532165753,3237,229,No volcanism,1.603373085,1.603451778,0.000221,Awan
257,Alpha,PRAI HYPOO WD-A D1-6,-9302.25,-459.46875,7978.78125,Temple,Temple,A (Blue-White) Star, 10 A,,Rocky body,0.1532165753,3237,229,No volcanism,1.603373085,1.603451778,0.000221,Awan
258,Beta,PRAI HYPOO WD-A D1-6,-9302.25,-459.46875,7978.78125,Temple,Temple,A (Blue-White) Star, 10 A,,Rocky body,0.1532165753,3237,229,No volcanism,1.603373085,1.603451778,0.000221,Awan
259,Gamma,PRAI HYPOO WD-A D1-41,-9326.09375,-425.46875,7995.59375,Temple,Temple,A (Blue-White) Star, 5 C,,Rocky body,0.3597040126,2420,280,Major Silicate Vapour Geysers,0.4898882831,0.7659401223,0.128845,Copernic Project
260,Gamma,EORL AUWSY YF-Y B56-16,4953.46875,155.8125,20635.6875,Empyrean Straits,Empyrean Straits,M (Red dwarf) Star, C 3,,High metal content world,0.2190382941,279459,230,No volcanism,3.604521484,3.60452908,0.002624,Baton
261,Alpha,EORL AUWSY YF-Y B56-16,4953.46875,155.8125,20635.6875,Empyrean Straits,Empyrean Straits,M (Red dwarf) Star, B 3,,High metal content world,0.3240100572,279378,279,No volcanism,7.769654225,7.76968316,0.000386,Baton
262,Gamma,EORL AUWSY YF-Y B56-16,4953.46875,155.8125,20635.6875,Empyrean Straits,Empyrean Straits,M (Red dwarf) Star, B 3,,High metal content world,0.3240100572,279378,279,No volcanism,7.769654225,7.76968316,0.000386,Baton
263,Beta,VELA DARK REGION YO-R B4-1,1045.625,-177.53125,-45.40625,Inner Orion Spur,Inner Orion Spur,M (Red dwarf) Star, B 4,,High metal content world,0.261705251,882,278,No volcanism,12.74096788,12.7409838,0.009767,InfiniteDreamer
264,Gamma,VELA DARK REGION YO-R B4-1,1045.625,-177.53125,-45.40625,Inner Orion Spur,Inner Orion Spur,M (Red dwarf) Star, B 4,,High metal content world,0.261705251,882,278,No volcanism,12.74096788,12.7409838,0.009767,InfiniteDreamer
265,Beta,COL 173 SECTOR QU-O D6-25,878.84375,-205.5625,-156.59375,Inner Orion Spur,Inner Orion Spur,F (White) Star, 5 B,,Rocky body,0.1785208153,1282,248,No volcanism,3.006980927,3.007024422,0.000703,Aethir of Menelaus
266,Gamma,VELA DARK REGION YO-R B4-1,1045.625,-177.53125,-45.40625,Inner Orion Spur,Inner Orion Spur,M (Red dwarf) Star, D 2,,High metal content world,0.298318372,14995,206,,5.613335142,5.613359375,0.000516,Factabulous
267,Alpha,COL 173 SECTOR YA-N D7-17,1145.09375,-245.8125,-90.03125,Inner Orion Spur,Inner Orion Spur,G (White-Yellow) Star, A 2,,High metal content world,0.3847654186,537,250,No volcanism,413.8921296,1.05445204,0.001295,Steve Arthur
268,Alpha,COL 173 SECTOR YA-N D7-17,1145.09375,-245.8125,-90.03125,Inner Orion Spur,Inner Orion Spur,G (White-Yellow) Star, A 2,,High metal content world,0.3847654186,537,250,No volcanism,413.8921296,1.05445204,0.001295,RualStorge
269,Gamma,COL 173 SECTOR YA-N D7-17,1145.09375,-245.8125,-90.03125,Inner Orion Spur,Inner Orion Spur,G (White-Yellow) Star, B 2,,High metal content world,0.1431831726,96834,220,No volcanism,23.03124421,27.04719329,0.047986,Factabulous
270,Beta,COL 173 SECTOR PF-E B28-3,870.34375,-156.03125,-92.84375,Inner Orion Spur,Inner Orion Spur,M (Red dwarf) Star, B 1,,High metal content world,0.1785531171,2261,285,Minor Silicate Vapour Geysers,0.9463589018,1.399556431,0.025323,joulupunikki
271,Alpha,COL 173 SECTOR PF-E B28-3,870.34375,-156.03125,-92.84375,Inner Orion Spur,Inner Orion Spur,M (Red dwarf) Star, B 1,,High metal content world,0.1785531171,2261,285,Minor Silicate Vapour Geysers,0.9463589018,1.399556431,0.025323,joulupunikki
272,Gamma,SYNUEFE CN-H D11-63,610.96875,-145.78125,-57.90625,Inner Orion Spur,Inner Orion Spur,F (White) Star, A 2 B,,Rocky body,0.2291668423,1484,244,No volcanism,2.31928337,2.319361488,0.000584,Gul.duKat
273,Alpha,COL 173 SECTOR YF-N C7-5,1073.21875,-392.25,-378.3125,Inner Orion Spur,Inner Orion Spur,M (Red dwarf) Star, B 2,,High metal content world,0.2638051549,2154,280,No volcanism,3.633865397,6.038770016,0.16039,Marcus Seldon
274,Alpha,COL 173 SECTOR YF-N C7-5,1073.21875,-392.25,-378.3125,Inner Orion Spur,Inner Orion Spur,M (Red dwarf) Star, B 2,,High metal content world,0.2638051549,2154,280,No volcanism,3.633865397,6.038770016,0.16039,Marcus Seldon
275,Alpha,COL 173 SECTOR YF-N C7-5,1073.21875,-392.25,-378.3125,Inner Orion Spur,Inner Orion Spur,M (Red dwarf) Star, B 3,,High metal content world,0.2167395606,2154,280,No volcanism,3.633865397,4.549837771,0.16039,Marcus Seldon
276,Beta,COL 173 SECTOR YF-N C7-5,1073.21875,-392.25,-378.3125,Inner Orion Spur,Inner Orion Spur,M (Red dwarf) Star, B 3,,High metal content world,0.2167395606,2154,280,No volcanism,3.633865397,4.549837771,0.16039,Marcus Seldon
277,Gamma,COL 173 SECTOR WG-J C10-16,1067.28125,-138.3125,-258.3125,Inner Orion Spur,Inner Orion Spur,K (Yellow-Orange) Star, B 1,,High metal content world,0.3007006056,85351,225,No volcanism,25.51202546,37.95211806,0.085904,Rex Slacker
278,Gamma,COL 173 SECTOR WG-J C10-16,1067.28125,-138.3125,-258.3125,Inner Orion Spur,Inner Orion Spur,K (Yellow-Orange) Star, B 1,,High metal content world,0.3007006056,85351,225,No volcanism,25.51202546,37.95211806,0.085904,Rex Slacker
279,Beta,COL 173 SECTOR WG-J C10-16,1067.28125,-138.3125,-258.3125,Inner Orion Spur,Inner Orion Spur,K (Yellow-Orange) Star, B 1,,High metal content world,0.3007006056,85351,225,No volcanism,25.51202546,37.95211806,0.085904,Rex Slacker
280,Gamma,COL 173 SECTOR CH-L D8-14,1137.96875,-193.65625,-18.375,Inner Orion Spur,Inner Orion Spur,F (White) Star, D 1,,High metal content world,0.3301177755,80879,244,No volcanism,25.84783222,25.84795078,0.001524,Ancla
281,Alpha,COL 173 SECTOR CH-L D8-14,1137.96875,-193.65625,-18.375,Inner Orion Spur,Inner Orion Spur,F (White) Star, D 1,,High metal content world,0.3301177755,80879,244,No volcanism,25.84783222,25.84795078,0.001524,Ancla
282,Alpha,COL 173 SECTOR CH-L D8-14,1137.96875,-193.65625,-18.375,Inner Orion Spur,Inner Orion Spur,F (White) Star, D 3,,High metal content world,0.3293782012,80861,211,No volcanism,3.57424116,4.555575102,0.152122,Ancla
283,Alpha,COL 173 SECTOR BX-I C10-7,1110.40625,-223.625,-242.6875,Inner Orion Spur,Inner Orion Spur,K (Yellow-Orange) Star, B 2,,High metal content world,0.2951761867,25072,284,No volcanism,5.238457031,6.70552228,0.193957,Captain-MD
284,Beta,COL 173 SECTOR BX-I C10-7,1110.40625,-223.625,-242.6875,Inner Orion Spur,Inner Orion Spur,K (Yellow-Orange) Star, B 2,,High metal content world,0.2951761867,25072,284,No volcanism,5.238457031,6.70552228,0.193957,Captain-MD
285,Gamma,COL 173 SECTOR BX-I C10-7,1110.40625,-223.625,-242.6875,Inner Orion Spur,Inner Orion Spur,K (Yellow-Orange) Star, B 2,,High metal content world,0.2951761867,25072,284,No volcanism,5.238457031,6.70552228,0.193957,Captain-MD
286,Gamma,COL 173 SECTOR BX-I C10-7,1110.40625,-223.625,-242.6875,Inner Orion Spur,Inner Orion Spur,K (Yellow-Orange) Star, B 3,,High metal content world,0.3494582054,25072,284,No volcanism,5.238457031,-5.594298322,0.193957,Captain-MD
287,Gamma,COL 173 SECTOR BX-I C10-7,1110.40625,-223.625,-242.6875,Inner Orion Spur,Inner Orion Spur,K (Yellow-Orange) Star, B 3,,High metal content world,0.3494582054,25072,284,No volcanism,5.238457031,-5.594298322,0.193957,Captain-MD
288,Gamma,COL 173 SECTOR AI-H C11-22,992.6875,-153.625,-213.71875,Inner Orion Spur,Inner Orion Spur,G (White-Yellow) Star, B 1,,High metal content world,0.2034356025,17809,234,No volcanism,44.68174237,44.68183061,0.000079,Steve Arthur
289,Alpha,COL 173 SECTOR AI-H C11-22,992.6875,-153.625,-213.71875,Inner Orion Spur,Inner Orion Spur,G (White-Yellow) Star, B 1,,High metal content world,0.2034356025,17809,234,No volcanism,44.68174237,44.68183061,0.000079,Steve Arthur
290,Gamma,COL 173 SECTOR AI-H C11-22,992.6875,-153.625,-213.71875,Inner Orion Spur,Inner Orion Spur,G (White-Yellow) Star, B 1,,High metal content world,0.2034356025,17809,234,No volcanism,44.68174237,44.68183061,0.000079,Steve Arthur
291,Beta,SYNUEFE DK-D B46-4,652.9375,-63.90625,-80.78125,Inner Orion Spur,Inner Orion Spur,M (Red dwarf) Star, C 1,,High metal content world,0.3463495982,80754,283,No volcanism,2.765644549,2.76565771,0.001258,GURU-951
292,Gamma,COL 173 SECTOR HI-M A55-0,1147.4375,-43.9375,-113.21875,Inner Orion Spur,Inner Orion Spur,L (Brown dwarf) Star, A 3,,High metal content world,0.1833482744,21,240,Major Silicate Vapour Geysers,0.3990889938,0.58074273,0.021697,Steve Arthur
293,Gamma,COL 173 SECTOR HI-M A55-0,1147.4375,-43.9375,-113.21875,Inner Orion Spur,Inner Orion Spur,L (Brown dwarf) Star, A 2,,High metal content world,0.2233749229,16,273,No volcanism,5.206196832,5.141369719,0.001839,Steve Arthur
294,Alpha,COL 173 SECTOR HI-M A55-0,1147.4375,-43.9375,-113.21875,Inner Orion Spur,Inner Orion Spur,L (Brown dwarf) Star, A 2,,High metal content world,0.2233749229,16,273,No volcanism,5.206196832,5.141369719,0.001839,Steve Arthur
295,Gamma,PRAI HYPOO PC-C D50,-9371.3125,-408.5,7899.71875,Temple,Temple,A (Blue-White) Star, C 1,,High metal content world,0.2155421345,475983,215,No volcanism,214.7976309,1.401553799,0.000771,Petey4335
296,Gamma,PRAI HYPOO PC-C D50,-9371.3125,-408.5,7899.71875,Temple,Temple,A (Blue-White) Star, C 1,,High metal content world,0.2155421345,475983,215,No volcanism,214.7976309,1.401553799,0.000771,Petey4335
297,Gamma,PRAI HYPOO PC-C D50,-9371.3125,-408.5,7899.71875,Temple,Temple,A (Blue-White) Star, C 1,,High metal content world,0.2155421345,475983,215,No volcanism,214.7976309,1.401553799,0.000771,Petey4335
298,Alpha,BLAE EORK NE-E D13-25,8670.0625,-65.1875,2680.59375,Outer Orion Spur,Outer Orion Spur,F (White) Star, B 2,,High metal content world,0.1899756256,10161,227,No volcanism,135.7236921,1.684328885,0.000825,SHINIGAMI
299,Alpha,COL 173 SECTOR EM-L D8-60,1511.21875,-177.4375,7.40625,Inner Orion Spur,Inner Orion Spur,F (White) Star, 8 A,,Rocky body,0.2619478871,1110,242,No volcanism,3.648345992,3.648411097,0.006853,FrankCrusing
300,Gamma,COL 173 SECTOR EM-L D8-60,1511.21875,-177.4375,7.40625,Inner Orion Spur,Inner Orion Spur,F (White) Star, 8 A,,Rocky body,0.2619478871,1110,242,No volcanism,3.648345992,3.648411097,0.006853,FrankCrusing
301,Alpha,COL 173 SECTOR EM-L D8-27,1480.5,-182.3125,8,Inner Orion Spur,Inner Orion Spur,F (White) Star, 4 A,,Rocky body,0.2315140146,1716,228,No volcanism,2.342457321,2.301403356,0.000262,Captain-MD
302,Gamma,COL 173 SECTOR EM-L D8-27,1480.5,-182.3125,8,Inner Orion Spur,Inner Orion Spur,F (White) Star, 4 A,,Rocky body,0.2315140146,1716,228,No volcanism,2.342457321,2.301403356,0.000262,Captain-MD
303,Beta,COL 173 SECTOR KN-J D9-22,1514.8125,-263.875,75.125,Inner Orion Spur,Inner Orion Spur,F (White) Star, 5 A,,Rocky body,0.1216740706,2063,211,No volcanism,2.191203885,2.191237703,0.000145,Insane Golgotha
304,Alpha,COL 173 SECTOR KN-J D9-22,1514.8125,-263.875,75.125,Inner Orion Spur,Inner Orion Spur,F (White) Star, 5 A,,Rocky body,0.1216740706,2063,211,No volcanism,2.191203885,2.191237703,0.000145,Insane Golgotha
305,Alpha,COL 173 SECTOR IE-R B34-3,1563.8125,-244.625,39.34375,Inner Orion Spur,Inner Orion Spur,M (Red dwarf) Star, B 2,,High metal content world,0.1758374523,4273,280,Major Silicate Vapour Geysers,0.3121547897,0.4603184679,0.154629,Insane Golgotha
306,Alpha,COL 173 SECTOR IE-R B34-3,1563.8125,-244.625,39.34375,Inner Orion Spur,Inner Orion Spur,M (Red dwarf) Star, B 2,,High metal content world,0.1758374523,4273,280,Major Silicate Vapour Geysers,0.3121547897,0.4603184679,0.154629,Insane Golgotha
307,Gamma,PRAI HYPOO NQ-F B2-3,-9324.5625,-339.03125,7954.53125,Temple,Temple,M (Red dwarf) Star, C 1,,High metal content world,0.2907600771,204455,278,No volcanism,1.589689128,1.589693649,0.000342,Insane Golgotha
308,Beta,PRAI HYPOO NQ-F B2-3,-9324.5625,-339.03125,7954.53125,Temple,Temple,M (Red dwarf) Star, C 1,,High metal content world,0.2907600771,204455,278,No volcanism,1.589689128,1.589693649,0.000342,Insane Golgotha
309,Gamma,PRAI HYPOO NQ-F B2-3,-9324.5625,-339.03125,7954.53125,Temple,Temple,M (Red dwarf) Star, C 1,,High metal content world,0.2907600771,204455,278,No volcanism,1.589689128,1.589693649,0.000342,Insane Golgotha
310,Gamma,COL 173 SECTOR RF-D C13-12,1108.5,-271.90625,-123.4375,Inner Orion Spur,Inner Orion Spur,K (Yellow-Orange) Star, C 3,,High metal content world,0.4063596698,127736,289,No volcanism,20.31038895,-20.3130366,0.000192,Toxophilite
311,Alpha,COL 173 SECTOR RF-D C13-12,1108.5,-271.90625,-123.4375,Inner Orion Spur,Inner Orion Spur,K (Yellow-Orange) Star, C 3,,High metal content world,0.4063596698,127736,289,No volcanism,20.31038895,-20.3130366,0.000192,Toxophilite
312,Gamma,COL 173 SECTOR RF-D C13-12,1108.5,-271.90625,-123.4375,Inner Orion Spur,Inner Orion Spur,K (Yellow-Orange) Star, C 3,,High metal content world,0.4063596698,127736,289,No volcanism,20.31038895,-20.3130366,0.000192,Toxophilite
313,Gamma,COL 173 SECTOR UU-O D6-30,1196.6875,-225.84375,-161.5,Inner Orion Spur,Inner Orion Spur,F (White) Star, 4 F,,Rocky body,0.1345273759,926,279,No volcanism,17.39441245,-17.39451047,0.001128,Qianas
314,Alpha,GRAEA HYPUE QL-V B19-15,-819.125,-623.34375,13440.4375,Norma Expanse,Norma Expanse,M (Red dwarf) Star, C 3,,High metal content world,0.2491647941,77658,296,Major Silicate Vapour Geysers,0.410201435,0.6695125695,0.03328,Namix
315,Gamma,GRAEA HYPUE QL-V B19-15,-819.125,-623.34375,13440.4375,Norma Expanse,Norma Expanse,M (Red dwarf) Star, C 3,,High metal content world,0.2491647941,77658,296,Major Silicate Vapour Geysers,0.410201435,0.6695125695,0.03328,Namix
316,Alpha,GRAEA HYPUE QL-V B19-15,-819.125,-623.34375,13440.4375,Norma Expanse,Norma Expanse,M (Red dwarf) Star, C 4,,High metal content world,0.208885461,77698,296,Major Silicate Vapour Geysers,0.410201416,0.5190280491,0.03328,Namix
317,Gamma,GRAEA HYPUE QL-V B19-15,-819.125,-623.34375,13440.4375,Norma Expanse,Norma Expanse,M (Red dwarf) Star, C 4,,High metal content world,0.208885461,77698,296,Major Silicate Vapour Geysers,0.410201416,0.5190280491,0.03328,Namix
318,Alpha,GRAEA HYPUE QL-V B19-15,-819.125,-623.34375,13440.4375,Norma Expanse,Norma Expanse,M (Red dwarf) Star, D 2,,High metal content world,0.1815767762,77658,284,Major Rocky Magma,1.788774595,1.740713976,0.00315,Namix
319,Gamma,GRAEA HYPUE QL-V B19-15,-819.125,-623.34375,13440.4375,Norma Expanse,Norma Expanse,M (Red dwarf) Star, D 2,,High metal content world,0.1815767762,77658,284,Major Rocky Magma,1.788774595,1.740713976,0.00315,Namix
320,Beta,COL 132 SECTOR GS-K D8-33,1111.5,-379.75,-418.3125,Inner Orion Spur,Inner Orion Spur,G (White-Yellow) Star, D 4,,High metal content world,0.14327203,136796,295,No volcanism,7.52832575,7.528329352,0.000367,Dreamstate
321,Alpha,COL 132 SECTOR GS-K D8-33,1111.5,-379.75,-418.3125,Inner Orion Spur,Inner Orion Spur,G (White-Yellow) Star, D 4,,High metal content world,0.14327203,136796,295,No volcanism,7.52832575,7.528329352,0.000367,Dreamstate
322,Gamma,COL 132 SECTOR GS-K D8-33,1111.5,-379.75,-418.3125,Inner Orion Spur,Inner Orion Spur,G (White-Yellow) Star, D 4,,High metal content world,0.14327203,136796,295,No volcanism,7.52832575,7.528329352,0.000367,Dreamstate
323,Alpha,GRAEA HYPUE LS-S D4-81,-760.8125,-641.09375,13431.65625,Norma Expanse,Norma Expanse,A (Blue-White) Star, AB 5 A,,Rocky body,0.2691666733,2437,215,No volcanism,3.429579652,3.429648193,0.002111,_Definzy_
324,Alpha,GRAEA HYPUE LS-S D4-81,-760.8125,-641.09375,13431.65625,Norma Expanse,Norma Expanse,A (Blue-White) Star, AB 5 A,,Rocky body,0.2691666733,2437,215,No volcanism,3.429579652,3.429648193,0.002111,_Definzy_
325,Gamma,GRAEA HYPUE LS-S D4-81,-760.8125,-641.09375,13431.65625,Norma Expanse,Norma Expanse,A (Blue-White) Star, AB 6 C,,Rocky body,0.1466233563,3629,226,No volcanism,3.514888317,3.446120534,0.00007,_Definzy_
326,Beta,GRAEA HYPUE LS-S D4-81,-760.8125,-641.09375,13431.65625,Norma Expanse,Norma Expanse,A (Blue-White) Star, AB 6 C,,Rocky body,0.1466233563,3629,226,No volcanism,3.514888317,3.446120534,0.00007,_Definzy_
327,Gamma,GRAEA HYPUE LS-S D4-3,-726.96875,-589.90625,13438.40625,Norma Expanse,Norma Expanse,A (Blue-White) Star, 6 A,,Rocky body,0.1520568662,2233,241,Minor Metallic Magma,1.233742952,1.233808668,0.000384,CDWH89
328,Beta,GRAEA HYPUE LS-S D4-3,-726.96875,-589.90625,13438.40625,Norma Expanse,Norma Expanse,A (Blue-White) Star, 6 A,,Rocky body,0.1520568662,2233,241,Minor Metallic Magma,1.233742952,1.233808668,0.000384,CDWH89
329,Gamma,GRAEA HYPUE LS-S D4-3,-726.96875,-589.90625,13438.40625,Norma Expanse,Norma Expanse,A (Blue-White) Star, 4 A,,Rocky body,0.2757463083,1620,234,Minor Metallic Magma,1.291634239,1.291665193,0.00088,Grimelinho
330,Gamma,GRAEA HYPUE LS-S D4-81,-760.8125,-641.09375,13431.65625,Norma Expanse,Norma Expanse,A (Blue-White) Star, AB 6 B,,Rocky body,0.1280530858,3629,237,No volcanism,2.317827333,2.256235697,0.003822,Grimelinho
331,Gamma,NGC 3199 SECTOR CQ-Y D6,14596.96875,-264.6875,3570.78125,Outer Orion Spur,Outer Orion Spur,F (White) Star, B 4,,High metal content world,0.3016815863,6466,300,No volcanism,140.280856,2.193719058,0.003648,felsen83
332,Beta,NGC 3199 SECTOR CQ-Y D6,14596.96875,-264.6875,3570.78125,Outer Orion Spur,Outer Orion Spur,F (White) Star, B 4,,High metal content world,0.3016815863,6466,300,No volcanism,140.280856,2.193719058,0.003648,felsen83
333,Alpha,NGC 3199 SECTOR XJ-A D10,14544.0625,-237.625,3489.375,Outer Orion Spur,Outer Orion Spur,A (Blue-White) Star, 11 A,,Rocky body,0.2141310528,1864,226,Metallic Magma,0.9331145703,0.9331300995,0.000378,felsen83
334,Beta,NGC 3199 SECTOR XJ-A D10,14544.0625,-237.625,3489.375,Outer Orion Spur,Outer Orion Spur,A (Blue-White) Star, 11 A,,Rocky body,0.2141310528,1864,226,Metallic Magma,0.9331145703,0.9331300995,0.000378,felsen83
335,Gamma,NGC 3199 SECTOR XJ-A D10,14544.0625,-237.625,3489.375,Outer Orion Spur,Outer Orion Spur,A (Blue-White) Star, 13 B,,Rocky body,0.1796097497,2293,248,No volcanism,7.982571092,7.858519984,0.000068,felsen83